# HSC MBQ1 tiling (8.18-arcmin cross model, data/subaru2); each tile observed at rot, rot+90, rot+180, rot+270 deg
tileid,ra,dec,rot
1,128.619,-1.262,10.1
2,128.281,-1.130,10.4
3,128.474,-1.426,10.4
4,128.968,-1.520,10.0
5,130.154,-1.656,359.9
6,129.830,-1.369,321.3
7,129.909,-2.020,349.6
8,130.297,-1.866,355.1
9,131.274,-1.066,7.1
10,130.643,-1.418,1.3
11,131.401,-1.930,50.0
12,131.454,-1.440,30.7
13,132.789,-1.428,25.5
14,132.046,-1.411,337.7
15,131.973,-2.118,20.5
16,132.964,-1.897,340.2
17,134.207,-1.173,17.6
18,133.429,-1.471,352.8
19,133.424,-1.923,318.0
20,134.141,-1.894,61.5
21,135.239,-1.188,16.4
22,134.736,-1.351,343.6
23,134.903,-1.645,352.1
24,135.588,-1.675,21.4
25,136.620,-1.175,7.2
26,136.064,-1.436,355.4
27,136.077,-1.953,319.9
28,136.613,-1.787,340.3
29,138.096,-1.477,306.8
30,137.618,-1.306,2.3
31,137.228,-1.523,11.9
32,137.979,-1.934,339.1
33,139.304,-1.206,350.9
34,138.560,-1.442,5.8
35,138.763,-1.739,5.5
36,139.504,-1.965,50.3
37,140.534,-1.057,354.3
38,140.044,-1.376,6.9
39,139.885,-1.971,314.0
40,140.683,-1.657,357.9
41,141.805,-1.332,22.7
42,141.105,-1.365,338.5
43,141.418,-2.150,5.9
44,141.988,-1.602,23.2
45,143.274,-1.296,350.4
46,142.570,-1.336,335.6
47,142.498,-1.817,35.7
48,143.144,-1.890,329.7
49,144.331,-1.209,5.6
50,143.822,-1.490,357.3
51,143.900,-1.911,27.1
52,144.528,-1.866,332.4
53,145.807,-1.170,351.6
54,144.992,-1.510,341.3
55,145.337,-1.337,340.7
56,145.808,-1.794,24.5
57,147.091,-1.375,1.3
58,146.392,-1.813,34.1
59,146.154,-2.140,12.2
60,147.136,-1.945,342.2
61,148.286,-1.325,343.1
62,147.519,-1.644,6.7
63,147.747,-1.904,13.4
64,148.606,-1.915,33.6
65,149.525,-1.214,16.6
66,148.980,-1.329,341.2
67,149.176,-1.736,342.1
68,149.955,-1.571,4.5
69,150.673,-1.261,350.5
70,150.165,-1.770,357.9
71,150.370,-2.132,351.2
72,151.090,-1.851,44.9
73,152.353,-1.336,25.9
74,151.743,-1.295,351.3
75,151.653,-1.680,338.7
76,152.273,-1.620,32.6
77,153.584,-1.789,335.0
78,153.082,-1.243,346.2
79,152.988,-1.810,24.9
80,153.705,-1.756,21.0
81,154.833,-1.153,9.1
82,154.347,-1.362,353.6
83,154.190,-1.877,19.9
84,154.972,-1.856,69.9
85,156.038,-1.192,2.6
86,155.595,-1.470,10.5
87,155.556,-1.933,23.3
88,156.247,-1.624,0.4
89,157.260,-1.228,6.7
90,156.759,-1.467,1.7
91,157.222,-2.152,20.0
92,157.723,-1.603,6.1
93,158.859,-1.292,357.2
94,158.272,-1.435,349.3
95,158.406,-2.197,1.3
96,158.755,-1.717,6.8
97,159.910,-1.129,1.5
98,159.440,-1.539,331.9
99,159.703,-2.300,51.2
100,160.231,-1.641,22.3
101,161.197,-1.292,6.5
102,160.648,-1.254,24.3
103,160.625,-1.993,9.0
104,161.640,-1.977,329.7
105,162.588,-1.526,40.7
106,161.837,-1.448,11.7
107,161.989,-1.841,332.0
108,162.490,-1.935,37.9
109,163.765,-1.221,0.0
110,163.349,-1.406,348.1
111,163.114,-1.865,359.5
112,164.020,-1.623,2.7
113,165.237,-1.154,12.6
114,164.807,-1.450,346.0
115,164.493,-1.753,357.3
116,165.315,-1.814,327.9
117,166.517,-1.339,346.0
118,165.969,-1.344,358.5
119,165.921,-1.967,12.1
120,166.602,-1.856,340.8
121,167.926,-1.376,341.4
122,167.396,-1.475,341.2
123,167.085,-1.770,348.4
124,167.810,-1.728,44.8
125,169.149,-1.304,0.7
126,168.541,-1.369,334.4
127,168.456,-2.025,25.1
128,169.285,-2.161,354.5
129,170.391,-1.250,353.1
130,169.787,-1.305,338.1
131,169.817,-1.889,28.8
132,170.638,-1.726,15.7
133,171.794,-1.308,32.0
134,171.195,-1.361,18.6
135,171.021,-1.947,14.4
136,171.703,-1.541,354.3
137,173.144,-1.602,51.6
138,172.428,-1.417,347.1
139,172.680,-2.160,7.7
140,173.226,-1.865,7.4
141,174.670,-1.433,329.8
142,173.870,-1.347,354.5
143,173.679,-1.940,8.0
144,174.363,-1.720,344.8
145,175.607,-1.258,24.0
146,175.012,-1.355,337.4
147,175.122,-1.811,17.1
148,175.701,-1.964,50.2
149,176.856,-1.321,20.1
150,176.270,-1.343,13.9
151,176.395,-1.956,307.4
152,176.984,-1.908,35.4
153,178.104,-1.212,4.4
154,177.514,-1.428,355.7
155,177.636,-2.026,323.9
156,178.243,-1.817,348.0
157,179.345,-1.294,13.5
158,178.884,-1.228,14.1
159,178.745,-1.664,0.8
160,179.647,-1.619,18.7
161,180.671,-1.260,6.1
162,180.106,-1.483,349.3
163,180.177,-2.074,345.5
164,180.938,-1.681,6.3
165,181.916,-1.308,11.8
166,181.458,-1.457,342.6
167,181.593,-2.115,357.0
168,182.323,-1.762,11.4
169,183.301,-1.120,17.2
170,182.899,-1.402,2.0
171,182.639,-2.240,8.5
172,183.629,-1.615,11.7
173,184.535,-1.185,6.8
174,183.902,-1.322,354.9
175,184.174,-1.861,32.4
176,184.933,-1.714,348.5
177,185.800,-1.244,6.6
178,185.227,-1.446,349.2
179,185.526,-2.191,356.5
180,186.203,-1.890,341.9
181,187.146,-1.228,14.1
182,186.542,-1.604,331.4
183,186.767,-2.060,351.7
184,187.451,-1.825,66.4
185,188.501,-1.305,349.1
186,187.926,-1.431,350.1
187,188.067,-1.959,16.4
188,188.631,-1.784,358.1
189,189.941,-1.364,345.5
190,189.316,-1.349,332.0
191,189.347,-2.006,8.1
192,189.938,-1.679,0.7
193,191.274,-1.469,25.8
194,190.678,-1.222,343.8
195,190.390,-2.184,355.0
196,191.208,-1.781,19.9
197,192.748,-1.743,354.6
198,191.722,-1.430,17.7
199,191.966,-1.943,12.4
200,192.520,-1.522,357.0
201,193.354,-1.399,337.0
202,193.064,-1.327,357.8
203,193.186,-2.031,53.8
204,193.996,-1.694,19.5
205,194.905,-1.302,340.5
206,194.560,-1.345,0.5
207,194.537,-1.843,20.0
208,195.211,-1.947,16.2
209,196.306,-1.286,7.0
210,195.727,-1.331,332.7
211,195.924,-2.012,24.1
212,196.537,-1.818,343.1
213,197.626,-1.213,350.5
214,196.928,-1.467,357.1
215,197.174,-1.832,24.7
216,197.768,-1.862,340.7
217,198.925,-1.299,8.1
218,198.194,-1.496,346.5
219,198.566,-2.342,7.5
220,199.208,-1.724,11.7
221,200.083,-1.273,6.3
222,199.704,-1.447,0.3
223,199.540,-1.981,12.0
224,200.711,-1.546,0.8
225,201.390,-1.070,349.1
226,201.078,-1.359,357.0
227,201.159,-1.970,37.0
228,201.653,-1.735,348.9
229,202.821,-1.429,21.3
230,202.351,-1.246,337.1
231,202.317,-1.886,29.4
232,202.718,-1.936,45.4
233,204.039,-1.404,337.9
234,203.497,-1.512,343.3
235,204.015,-2.125,344.1
236,204.485,-1.742,0.3
237,205.494,-1.110,2.2
238,205.054,-1.408,348.2
239,205.245,-2.083,6.8
240,205.687,-1.650,355.8
241,206.828,-1.213,359.1
242,206.408,-1.368,348.1
243,206.143,-1.820,353.9
244,206.854,-1.866,327.9
245,208.026,-1.390,356.7
246,207.685,-1.249,319.0
247,207.470,-1.968,289.4
248,208.424,-2.004,16.9
249,209.354,-1.294,21.5
250,208.629,-1.227,19.2
251,209.034,-1.648,357.9
252,209.436,-1.964,327.2
253,210.500,-1.401,17.0
254,210.117,-1.452,359.7
255,209.972,-2.097,15.3
256,210.817,-1.592,19.0
257,211.781,-1.294,0.5
258,211.238,-1.519,7.1
259,211.632,-1.867,17.6
260,212.304,-1.857,337.0
261,213.288,-1.100,1.2
262,212.723,-1.452,11.6
263,212.946,-1.450,357.3
264,213.473,-1.720,0.4
265,214.643,-1.237,356.1
266,214.083,-1.420,353.7
267,213.989,-2.182,318.7
268,214.723,-1.936,324.6
269,215.785,-1.184,359.5
270,215.371,-1.456,10.2
271,215.315,-1.899,23.5
272,216.001,-1.822,339.2
273,217.233,-1.390,36.9
274,216.519,-1.221,24.8
275,216.455,-1.861,326.3
276,217.231,-1.688,46.5
277,218.633,-1.212,5.4
278,217.816,-1.340,335.0
279,218.003,-1.697,334.1
280,218.719,-1.840,33.1
281,219.992,-1.323,338.6
282,219.361,-1.416,9.1
283,219.201,-1.817,352.8
284,219.947,-1.670,358.5
285,221.389,-1.365,13.0
286,220.607,-1.266,21.8
287,220.468,-2.078,353.8
288,221.138,-1.837,356.8
289,222.299,-1.304,11.0
290,221.866,-1.416,337.2
291,222.026,-1.958,41.6
292,222.886,-1.899,38.3
293,223.910,-1.263,12.3
294,223.161,-1.339,48.4
295,223.438,-2.081,359.3
296,223.632,-1.730,8.5
297,225.033,-1.085,355.2
298,224.648,-1.314,359.6
299,224.683,-1.651,21.6
300,225.169,-1.759,347.3
301,129.509,0.023,353.1
302,128.968,-0.131,353.0
303,128.849,-0.860,325.9
304,129.622,-0.542,26.1
305,130.735,0.072,22.8
306,130.127,0.026,23.9
307,130.186,-0.490,22.1
308,130.766,-0.463,25.1
309,132.129,0.096,347.8
310,131.467,-0.080,356.2
311,131.689,-0.793,352.0
312,132.248,-0.563,15.4
313,133.637,0.033,1.0
314,132.690,-0.250,16.4
315,132.867,-0.884,348.9
316,133.305,-0.423,339.6
317,134.751,0.132,355.4
318,134.158,-0.077,20.8
319,133.986,-0.526,329.8
320,134.707,-0.615,338.0
321,135.865,0.144,352.1
322,135.323,-0.091,6.0
323,135.568,-0.383,12.0
324,136.143,-0.445,20.0
325,137.191,0.248,26.2
326,136.687,-0.138,2.3
327,136.958,-0.790,359.1
328,137.274,-0.401,15.3
329,138.399,0.047,12.9
330,138.078,-0.065,346.2
331,138.092,-0.771,24.1
332,138.773,-0.379,5.4
333,139.907,0.074,14.2
334,139.384,-0.058,347.0
335,139.548,-0.793,10.1
336,139.808,-0.513,8.0
337,141.275,0.014,34.5
338,140.622,-0.004,22.3
339,141.091,-0.906,9.2
340,141.283,-0.459,23.7
341,142.462,0.112,12.3
342,141.968,0.042,344.8
343,142.138,-0.711,32.7
344,142.710,-0.388,352.1
345,143.817,0.046,7.5
346,143.220,-0.122,344.0
347,143.256,-0.790,347.3
348,143.735,-0.610,357.7
349,144.759,-0.105,355.5
350,144.354,-0.098,6.9
351,144.871,-0.733,338.9
352,145.367,-0.598,25.8
353,146.293,-0.072,359.3
354,145.713,0.072,352.0
355,146.058,-0.625,357.5
356,146.654,-0.390,345.4
357,147.800,-0.006,20.1
358,147.219,-0.214,0.4
359,146.951,-0.775,35.8
360,147.680,-0.698,4.1
361,148.938,0.097,359.4
362,148.368,-0.157,343.7
363,148.261,-0.446,4.9
364,148.858,-0.954,342.7
365,150.048,0.019,358.4
366,149.676,-0.004,18.9
367,149.565,-0.549,5.7
368,150.383,-0.465,325.4
369,151.650,0.039,5.7
370,151.056,-0.232,349.8
371,151.079,-0.627,4.0
372,151.255,-0.999,348.7
373,153.004,0.009,359.6
374,152.330,-0.088,30.3
375,152.446,-0.735,12.4
376,152.980,-0.371,332.5
377,154.170,-0.163,356.8
378,153.585,-0.161,32.2
379,153.673,-0.698,1.5
380,154.374,-0.504,345.4
381,155.618,0.124,6.0
382,155.069,-0.009,358.8
383,154.857,-0.673,17.5
384,155.418,-0.484,355.7
385,156.600,0.147,9.2
386,156.125,-0.130,7.6
387,156.547,-0.971,20.9
388,156.969,-0.235,10.6
389,158.183,0.053,2.7
390,157.610,-0.153,345.5
391,157.686,-0.688,18.9
392,158.139,-0.850,6.8
393,159.382,0.057,339.5
394,158.746,-0.195,357.9
395,159.182,-0.922,18.7
396,159.399,-0.439,0.9
397,160.713,-0.005,8.2
398,160.043,-0.027,331.1
399,160.422,-0.782,350.3
400,160.955,-0.661,349.4
401,162.217,-0.032,342.0
402,161.648,-0.058,1.4
403,161.496,-0.522,11.2
404,162.169,-0.671,338.3
405,163.201,0.016,345.5
406,162.681,-0.149,11.3
407,162.830,-0.645,349.7
408,163.374,-0.496,350.9
409,164.678,0.035,6.9
410,164.103,-0.057,347.7
411,164.240,-1.069,357.6
412,164.588,-0.586,17.0
413,165.993,0.039,24.0
414,165.219,-0.037,29.8
415,165.522,-0.611,354.0
416,166.145,-0.571,34.1
417,167.064,0.151,12.5
418,166.701,-0.190,14.8
419,166.663,-0.660,24.5
420,167.318,-0.301,5.9
421,168.280,0.013,352.7
422,167.827,-0.119,69.3
423,167.992,-0.936,4.7
424,168.630,-0.724,341.5
425,169.768,-0.106,345.0
426,169.212,-0.130,8.4
427,169.315,-0.701,346.5
428,169.835,-0.699,348.7
429,171.055,-0.053,35.9
430,170.488,0.121,345.5
431,170.628,-0.471,14.5
432,171.041,-0.948,9.2
433,172.488,-0.146,341.2
434,171.878,-0.042,332.7
435,172.138,-0.863,25.2
436,172.542,-0.493,25.2
437,173.777,-0.012,5.7
438,173.045,-0.149,341.8
439,173.211,-0.753,8.0
440,173.656,-0.410,11.8
441,174.852,-0.063,357.3
442,174.248,-0.098,1.4
443,174.424,-0.682,352.0
444,175.159,-0.261,356.3
445,176.376,0.102,6.9
446,175.783,-0.006,349.1
447,175.840,-0.495,12.2
448,176.373,-0.585,20.5
449,177.635,0.048,3.2
450,176.995,-0.144,349.5
451,177.163,-0.720,5.7
452,177.622,-0.543,31.8
453,178.847,0.125,14.4
454,178.256,-0.158,359.5
455,178.572,-0.765,1.5
456,179.161,-0.498,351.1
457,179.932,-0.083,338.6
458,179.558,-0.030,350.2
459,179.934,-0.810,14.9
460,180.471,-0.338,356.7
461,181.543,0.034,9.8
462,180.930,-0.102,340.6
463,181.142,-0.961,7.9
464,181.373,-0.655,2.7
465,182.613,0.077,17.2
466,182.111,-0.111,356.5
467,182.328,-0.732,40.7
468,182.815,-0.748,326.9
469,184.126,0.219,355.7
470,183.615,0.024,11.4
471,183.516,-0.700,325.2
472,184.229,-0.374,344.3
473,185.478,0.017,9.6
474,184.803,-0.100,354.7
475,185.048,-0.807,21.3
476,185.419,-0.673,12.7
477,186.602,-0.024,23.7
478,186.042,-0.186,9.3
479,186.382,-0.741,11.6
480,186.858,-0.603,335.5
481,187.915,0.079,6.6
482,187.399,-0.120,13.1
483,187.506,-0.674,58.2
484,188.144,-0.540,17.9
485,189.246,0.081,345.3
486,188.640,-0.125,7.6
487,188.888,-0.705,8.7
488,189.359,-0.543,302.2
489,190.383,0.074,1.7
490,189.842,-0.175,6.7
491,190.208,-0.785,26.2
492,190.624,-0.425,2.9
493,191.631,0.021,15.8
494,191.146,-0.021,21.2
495,191.364,-0.976,19.1
496,191.931,-0.438,16.4
497,192.821,-0.036,359.1
498,192.364,-0.081,20.1
499,192.535,-0.616,311.7
500,193.327,-0.615,30.6
501,194.089,-0.161,332.8
502,193.671,-0.096,10.2
503,194.062,-0.942,21.0
504,194.477,-0.454,30.3
505,195.637,0.163,17.3
506,195.017,-0.033,345.4
507,195.298,-0.771,346.0
508,195.830,-0.639,336.8
509,196.997,-0.042,22.4
510,196.366,-0.112,18.4
511,196.528,-0.666,341.5
512,197.152,-0.428,12.6
513,198.373,-0.087,23.5
514,197.678,-0.052,336.3
515,197.936,-0.790,344.3
516,198.393,-0.923,322.1
517,199.505,0.129,10.9
518,199.054,-0.153,4.4
519,199.480,-1.007,10.8
520,199.813,-0.298,8.9
521,200.888,0.248,3.8
522,200.359,-0.001,357.0
523,200.398,-0.831,325.0
524,200.949,-0.357,353.8
525,202.346,0.152,2.7
526,201.529,-0.070,12.5
527,201.913,-0.598,11.2
528,202.291,-0.490,22.8
529,203.427,-0.007,12.0
530,202.862,-0.150,352.1
531,203.058,-0.840,338.6
532,203.769,-0.514,329.0
533,204.846,0.116,10.7
534,204.233,-0.176,20.3
535,204.020,-1.026,342.3
536,204.811,-0.665,345.6
537,206.011,0.125,8.4
538,205.563,-0.117,4.6
539,205.366,-0.506,351.4
540,206.125,-0.575,336.2
541,207.240,0.025,5.9
542,206.699,-0.105,37.6
543,206.810,-0.675,296.9
544,207.517,-0.679,349.0
545,208.539,0.092,12.8
546,208.178,-0.139,2.5
547,208.119,-0.749,19.0
548,208.903,-0.441,2.1
549,209.890,0.147,2.1
550,209.343,-0.142,8.7
551,209.573,-0.748,359.5
552,210.080,-0.390,14.9
553,211.099,0.007,354.4
554,210.569,-0.121,6.2
555,210.805,-0.969,358.1
556,211.514,-0.540,351.1
557,212.220,0.028,350.6
558,212.020,-0.175,313.9
559,212.128,-1.053,12.0
560,212.728,-0.407,8.2
561,213.668,-0.037,346.9
562,213.393,0.028,336.2
563,213.507,-0.772,11.7
564,214.052,-0.579,354.1
565,215.491,0.054,357.8
566,214.686,-0.095,343.1
567,214.759,-0.864,3.0
568,215.188,-0.564,355.4
569,216.562,0.098,344.1
570,215.968,-0.022,29.5
571,216.117,-0.559,352.4
572,216.710,-0.360,354.4
573,217.821,-0.098,9.5
574,217.424,0.053,351.6
575,217.366,-0.854,337.3
576,218.098,-0.573,7.2
577,219.268,0.083,6.9
578,218.747,-0.081,5.7
579,218.598,-0.547,29.9
580,219.192,-0.458,340.9
581,220.654,-0.026,19.0
582,219.969,-0.037,20.3
583,219.965,-0.776,35.7
584,220.480,-0.548,342.4
585,221.801,0.002,17.2
586,221.230,-0.160,339.1
587,221.526,-0.796,14.2
588,221.940,-0.776,338.6
589,223.140,-0.028,334.4
590,222.449,-0.034,3.2
591,222.702,-0.500,345.7
592,223.301,-0.681,6.3
593,224.337,0.295,25.8
594,223.886,0.005,9.0
595,223.985,-0.630,329.8
596,224.422,-0.444,337.5
597,225.640,0.032,333.9
598,225.174,0.004,3.1
599,225.749,-0.655,350.3
600,225.568,-0.396,358.2
601,128.494,1.001,2.5
602,128.178,1.166,0.4
603,128.305,0.446,357.3
604,128.805,0.678,5.7
605,129.834,1.325,9.0
606,129.456,1.212,25.7
607,129.441,0.502,20.2
608,130.130,0.861,355.4
609,131.145,1.228,11.1
610,130.786,1.198,353.9
611,131.060,0.542,2.2
612,131.666,0.704,10.9
613,132.663,1.283,3.8
614,132.311,1.082,5.2
615,132.178,0.537,16.6
616,132.897,0.467,339.3
617,133.932,1.349,349.2
618,133.360,1.053,8.9
619,133.633,0.445,22.7
620,134.111,0.737,6.1
621,135.192,1.324,19.0
622,134.705,1.224,330.6
623,135.055,0.680,13.8
624,135.521,0.646,11.8
625,136.458,1.342,5.1
626,135.902,1.217,349.8
627,136.390,0.407,29.7
628,136.831,0.797,13.4
629,137.959,1.352,10.1
630,137.381,1.162,1.6
631,137.590,0.610,7.5
632,138.019,0.616,339.2
633,139.243,1.369,21.5
634,138.625,1.161,8.7
635,138.767,0.492,322.8
636,139.360,0.687,342.6
637,140.426,1.336,19.4
638,140.056,1.182,358.1
639,140.039,0.498,21.3
640,140.636,0.731,354.3
641,141.651,1.258,352.8
642,141.200,1.187,20.3
643,141.201,0.507,8.5
644,141.836,0.706,349.7
645,143.282,1.366,9.4
646,142.616,1.205,345.1
647,142.695,0.612,352.3
648,143.159,0.763,355.5
649,144.659,1.207,341.4
650,143.898,1.174,337.9
651,144.011,0.374,10.8
652,144.433,0.615,17.0
653,145.592,1.187,357.9
654,145.238,1.219,346.2
655,145.166,0.576,23.0
656,145.833,0.612,8.0
657,146.832,1.182,4.9
658,146.395,1.163,335.2
659,146.431,0.439,335.6
660,147.236,0.838,19.0
661,148.471,1.394,8.8
662,147.771,1.051,357.6
663,147.849,0.465,356.8
664,148.310,0.732,3.8
665,149.685,1.361,9.3
666,149.204,1.114,360.0
667,149.183,0.533,17.5
668,149.672,0.584,28.9
669,150.872,1.304,23.7
670,150.438,1.171,355.4
671,150.554,0.381,336.2
672,151.086,0.666,349.1
673,152.184,1.335,349.4
674,151.554,1.125,26.5
675,151.668,0.343,349.4
676,152.275,0.693,2.3
677,153.487,1.079,342.8
678,152.877,1.154,24.9
679,152.793,0.528,1.8
680,153.681,0.533,325.4
681,154.679,1.288,9.8
682,154.145,1.121,347.4
683,154.362,0.678,27.4
684,155.020,0.764,29.2
685,156.159,1.396,0.4
686,155.489,1.135,350.3
687,155.827,0.401,13.8
688,156.244,0.807,31.2
689,157.578,1.264,17.5
690,156.880,1.092,343.6
691,157.094,0.448,15.5
692,157.473,0.551,11.5
693,158.506,1.270,7.1
694,158.096,1.092,29.2
695,158.254,0.530,38.5
696,158.845,0.679,10.6
697,159.902,1.317,12.2
698,159.367,1.142,3.1
699,159.581,0.534,12.3
700,160.065,0.572,352.1
701,161.212,1.329,18.9
702,160.678,1.096,2.9
703,160.932,0.513,22.1
704,161.350,0.639,353.8
705,162.375,1.364,8.9
706,162.032,1.057,16.5
707,161.956,0.442,6.5
708,162.750,0.880,11.2
709,163.717,1.277,11.8
710,163.372,1.208,345.4
711,163.485,0.493,28.5
712,164.008,0.446,329.0
713,165.219,1.430,348.5
714,164.686,1.184,2.9
715,164.758,0.443,341.9
716,165.387,0.733,22.2
717,166.339,1.425,30.9
718,165.850,1.293,30.2
719,165.998,0.667,29.4
720,166.449,0.794,4.0
721,167.719,1.310,346.4
722,167.104,1.149,2.8
723,167.552,0.498,18.9
724,167.925,0.490,334.2
725,169.074,1.229,347.2
726,168.469,1.054,8.2
727,168.589,0.425,347.4
728,169.078,0.536,353.2
729,170.246,1.280,0.9
730,169.838,1.156,25.7
731,169.635,0.622,0.6
732,170.436,0.694,352.0
733,171.831,1.206,356.8
734,171.218,0.951,346.0
735,171.081,0.298,30.8
736,171.756,0.457,337.7
737,172.895,1.233,354.3
738,172.359,1.071,353.5
739,172.445,0.521,349.3
740,173.211,0.912,22.7
741,174.596,1.399,41.6
742,173.833,1.172,340.3
743,173.852,0.510,28.4
744,174.407,0.490,34.4
745,175.576,1.330,346.1
746,175.110,1.207,8.4
747,175.192,0.418,34.4
748,175.830,0.567,316.1
749,176.834,1.170,344.8
750,176.207,1.254,25.7
751,176.496,0.642,354.2
752,177.052,0.751,348.4
753,178.125,1.333,0.2
754,177.498,1.146,341.7
755,177.714,0.372,347.6
756,178.309,0.512,337.0
757,179.524,1.308,15.3
758,178.818,1.250,17.9
759,178.990,0.663,352.5
760,179.452,0.694,348.2
761,180.732,1.227,23.4
762,180.138,1.090,336.7
763,180.350,0.324,347.1
764,180.881,0.688,30.7
765,182.046,1.477,348.9
766,181.425,1.176,20.6
767,181.818,0.440,359.0
768,182.173,0.664,13.2
769,183.244,1.356,345.6
770,182.490,1.085,351.1
771,182.920,0.482,20.0
772,183.489,0.553,344.9
773,184.575,1.229,343.7
774,183.785,1.014,346.1
775,184.183,0.640,342.6
776,184.846,0.628,27.7
777,185.900,1.273,11.9
778,185.303,1.198,24.0
779,185.485,0.496,351.9
780,186.058,0.684,1.6
781,187.104,1.163,2.5
782,186.673,1.004,30.6
783,186.655,0.425,11.4
784,187.484,0.687,8.7
785,188.529,1.345,14.5
786,188.093,1.121,9.3
787,188.039,0.519,6.7
788,188.706,0.808,355.4
789,189.892,1.261,8.5
790,189.297,1.206,327.6
791,189.280,0.503,2.5
792,189.950,0.571,328.8
793,191.122,1.344,342.2
794,190.552,1.041,8.3
795,190.753,0.430,25.1
796,191.213,0.670,350.9
797,192.482,1.270,18.1
798,191.830,1.185,16.4
799,192.199,0.456,357.1
800,192.702,0.755,60.7
801,193.733,1.261,11.5
802,193.351,1.121,351.2
803,193.275,0.414,18.0
804,193.922,0.658,356.4
805,195.265,1.254,2.9
806,194.402,1.115,320.7
807,194.562,0.251,0.3
808,195.127,0.720,19.2
809,196.641,1.094,37.9
810,195.850,0.982,312.2
811,195.760,0.476,350.0
812,196.437,0.563,347.9
813,197.768,1.344,4.5
814,197.196,1.094,344.3
815,197.234,0.666,11.2
816,197.694,0.370,2.9
817,198.828,1.353,16.0
818,198.323,1.058,356.2
819,198.427,0.429,344.8
820,198.972,0.339,331.5
821,199.938,1.529,15.4
822,199.830,1.148,12.0
823,199.682,0.525,358.4
824,200.384,0.923,327.1
825,201.402,1.292,9.4
826,201.241,0.989,4.7
827,201.089,0.465,16.5
828,201.674,0.693,355.0
829,202.908,1.432,358.2
830,202.440,1.146,357.3
831,202.694,0.479,1.5
832,203.070,0.775,356.2
833,203.991,1.332,2.8
834,203.778,1.086,2.4
835,203.747,0.320,23.3
836,204.308,0.653,5.8
837,205.504,1.309,14.8
838,204.915,1.201,32.5
839,205.019,0.474,11.7
840,205.425,0.760,351.2
841,206.859,1.293,8.7
842,206.246,1.131,348.4
843,206.559,0.564,7.4
844,206.901,0.664,21.9
845,208.119,1.323,13.3
846,207.468,1.094,358.1
847,207.677,0.518,17.2
848,208.165,0.596,22.8
849,209.264,1.297,8.7
850,208.792,1.157,16.2
851,208.761,0.528,1.5
852,209.530,0.821,6.7
853,210.585,1.360,16.0
854,210.032,1.077,4.0
855,210.305,0.406,14.1
856,210.817,0.472,330.3
857,212.009,1.226,359.4
858,211.496,1.068,351.5
859,211.733,0.526,3.2
860,212.216,0.672,26.4
861,213.618,1.342,352.0
862,212.655,1.270,347.7
863,212.864,0.247,20.4
864,213.276,0.823,25.8
865,214.491,1.200,23.4
866,214.020,1.062,345.4
867,214.120,0.489,345.3
868,214.824,0.630,11.1
869,216.051,1.490,19.6
870,215.268,1.164,354.4
871,215.246,0.386,335.6
872,215.976,0.756,24.4
873,217.182,1.371,12.8
874,216.586,1.153,341.8
875,216.806,0.566,25.1
876,217.398,0.516,335.4
877,218.309,1.311,5.5
878,217.847,1.113,358.0
879,218.059,0.560,7.1
880,218.680,0.988,25.4
881,219.958,1.287,10.9
882,219.272,1.231,335.7
883,219.396,0.522,5.7
884,219.791,0.844,18.2
885,221.201,1.123,358.6
886,220.701,1.235,356.6
887,220.454,0.590,347.2
888,221.201,0.509,340.1
889,222.312,1.319,351.2
890,221.837,1.059,11.9
891,221.861,0.604,9.7
892,222.580,0.565,13.3
893,223.565,1.352,26.8
894,223.083,1.270,19.3
895,223.177,0.536,336.5
896,223.716,0.756,348.2
897,225.056,1.363,357.8
898,224.469,1.133,345.9
899,224.887,0.560,8.5
900,225.506,0.621,349.6
901,129.072,2.575,19.4
902,128.596,2.215,10.3
903,128.861,1.721,2.3
904,129.354,1.972,339.1
905,130.868,2.574,4.2
906,130.137,2.411,344.5
907,130.424,1.607,4.1
908,130.679,1.870,4.0
909,132.030,2.447,355.9
910,131.604,2.289,349.5
911,131.280,1.814,350.7
912,132.138,1.776,55.7
913,133.316,2.588,356.6
914,132.653,2.113,332.4
915,132.908,1.694,349.2
916,133.522,1.855,36.3
917,134.660,2.625,350.3
918,134.049,2.433,10.2
919,134.383,1.698,359.0
920,134.690,1.888,349.0
921,136.145,2.554,10.2
922,135.313,2.351,1.1
923,135.722,1.904,353.9
924,136.061,1.955,15.8
925,137.418,2.602,6.0
926,136.841,2.363,355.6
927,136.579,1.836,342.4
928,137.316,1.945,43.1
929,138.651,2.545,1.5
930,137.967,2.211,320.4
931,137.975,1.813,351.4
932,138.616,1.792,26.5
933,140.028,2.676,18.3
934,139.589,2.301,354.6
935,139.200,1.798,350.9
936,139.802,1.891,353.8
937,141.066,2.600,27.4
938,140.503,2.382,354.6
939,140.809,1.734,13.3
940,141.409,1.916,359.9
941,142.471,2.412,0.1
942,142.008,2.337,354.6
943,142.106,1.705,6.8
944,142.714,1.908,18.3
945,143.739,2.899,14.6
946,143.206,2.525,346.1
947,143.412,1.807,348.7
948,143.892,1.998,327.1
949,145.052,2.396,8.2
950,144.564,2.387,13.5
951,144.496,1.702,8.5
952,145.102,1.788,346.2
953,146.390,2.459,11.9
954,145.897,2.256,353.8
955,146.110,1.774,357.5
956,146.513,1.863,29.1
957,147.726,2.532,14.0
958,147.244,2.517,19.6
959,147.298,1.484,8.8
960,147.920,2.002,1.6
961,149.008,2.534,24.6
962,148.440,2.308,315.9
963,148.590,1.727,8.2
964,149.068,1.971,8.3
965,150.164,2.497,14.2
966,149.671,2.531,343.5
967,149.806,1.753,8.1
968,150.322,1.776,340.1
969,151.441,2.599,8.8
970,150.867,2.332,9.1
971,151.089,1.795,347.8
972,151.662,1.922,348.6
973,152.430,2.502,2.9
974,152.250,2.044,15.0
975,152.590,1.570,356.1
976,152.927,1.848,356.0
977,154.134,2.436,23.2
978,153.639,2.338,352.0
979,153.857,1.734,4.9
980,154.231,1.853,19.5
981,155.612,2.597,1.3
982,154.938,2.322,355.7
983,155.022,1.631,314.6
984,155.545,1.832,25.6
985,156.740,2.385,30.1
986,156.053,2.406,341.5
987,156.342,1.694,4.3
988,156.868,1.752,337.2
989,157.877,2.557,4.8
990,157.374,2.335,18.3
991,157.676,1.886,338.5
992,158.165,1.901,4.1
993,159.134,2.599,17.8
994,158.852,2.295,355.4
995,159.112,1.787,8.7
996,159.583,1.776,12.0
997,160.635,2.628,29.6
998,160.177,2.367,354.8
999,160.404,1.681,356.8
1000,160.818,1.885,22.0
1001,161.924,2.503,1.4
1002,161.284,2.444,343.6
1003,161.644,1.781,1.1
1004,162.171,1.955,10.8
1005,163.328,2.762,6.1
1006,162.603,2.376,13.5
1007,162.943,1.582,10.2
1008,163.322,1.840,6.9
1009,164.454,2.562,26.6
1010,163.986,2.338,339.6
1011,164.031,1.701,15.5
1012,164.578,1.866,30.5
1013,165.711,2.540,357.1
1014,165.063,2.392,351.1
1015,165.276,1.828,8.4
1016,165.914,2.000,354.5
1017,167.045,2.428,24.9
1018,166.585,2.303,28.8
1019,166.805,1.525,33.7
1020,167.356,1.893,6.3
1021,168.554,2.337,15.7
1022,167.839,2.401,326.2
1023,168.004,1.691,0.6
1024,168.560,1.815,14.7
1025,169.740,2.528,18.8
1026,169.171,2.315,334.5
1027,169.288,1.742,14.1
1028,169.893,1.806,20.9
1029,171.108,2.423,347.6
1030,170.519,2.303,353.7
1031,170.707,1.600,347.9
1032,171.156,1.883,4.5
1033,172.193,2.354,347.4
1034,171.839,2.524,351.3
1035,171.673,1.692,2.1
1036,172.312,1.807,352.1
1037,173.590,2.409,27.4
1038,173.022,2.441,332.7
1039,173.213,1.558,19.8
1040,173.588,1.776,348.3
1041,174.769,2.378,353.7
1042,174.395,2.170,347.6
1043,174.325,1.686,20.2
1044,174.969,1.797,345.5
1045,176.205,2.467,4.3
1046,175.929,2.620,10.6
1047,175.657,1.901,16.4
1048,176.304,1.831,348.8
1049,177.550,2.600,298.1
1050,176.950,2.296,326.8
1051,177.286,1.592,28.5
1052,177.654,2.006,26.2
1053,179.141,2.448,349.1
1054,178.486,2.353,350.8
1055,178.300,1.646,9.0
1056,178.802,1.865,8.3
1057,180.209,2.658,8.9
1058,179.697,2.524,346.8
1059,179.789,1.927,11.1
1060,180.144,1.727,9.8
1061,181.175,2.633,3.0
1062,180.737,2.325,13.2
1063,180.871,1.489,337.0
1064,181.592,1.950,23.6
1065,182.648,2.670,17.7
1066,182.153,2.411,10.8
1067,182.265,1.782,351.1
1068,182.825,1.955,350.4
1069,184.129,2.474,35.6
1070,183.526,2.254,25.3
1071,183.506,1.749,313.8
1072,184.021,1.836,18.3
1073,185.295,2.379,356.0
1074,184.762,2.384,16.0
1075,184.984,1.760,355.2
1076,185.557,1.911,12.6
1077,186.798,2.522,13.8
1078,186.167,2.388,343.4
1079,186.300,1.743,353.1
1080,186.728,1.822,18.2
1081,187.911,2.458,1.2
1082,187.398,2.342,2.0
1083,187.455,1.714,19.1
1084,188.072,1.803,51.8
1085,189.355,2.539,8.7
1086,188.672,2.315,6.5
1087,188.955,1.785,7.1
1088,189.443,1.915,10.4
1089,190.507,2.587,21.8
1090,190.055,2.323,7.4
1091,190.010,1.658,2.4
1092,190.550,1.961,7.8
1093,191.631,2.469,352.3
1094,191.178,2.504,341.1
1095,191.351,1.755,41.5
1096,191.928,1.759,21.3
1097,193.258,2.579,0.7
1098,192.704,2.358,17.2
1099,192.612,1.584,11.6
1100,193.067,1.859,7.5
1101,194.507,2.593,343.0
1102,193.891,2.212,2.6
1103,194.106,1.665,359.0
1104,194.601,1.884,24.3
1105,195.562,2.579,2.3
1106,195.164,2.194,347.6
1107,195.433,1.570,8.6
1108,195.890,1.942,8.0
1109,196.927,2.445,357.5
1110,196.510,2.270,354.7
1111,196.665,1.672,13.5
1112,197.069,1.797,1.1
1113,198.219,2.808,21.9
1114,197.766,2.323,24.1
1115,198.157,1.657,0.1
1116,198.447,1.859,21.8
1117,199.543,2.514,51.9
1118,198.820,2.569,359.1
1119,199.222,1.650,16.5
1120,199.448,1.935,3.8
1121,200.940,2.519,14.4
1122,200.369,2.399,25.7
1123,200.433,1.616,334.0
1124,201.040,1.972,353.4
1125,202.089,2.501,357.2
1126,201.603,2.265,1.9
1127,201.796,1.689,12.8
1128,202.276,1.967,355.4
1129,203.342,2.346,15.2
1130,202.899,2.626,339.4
1131,203.196,1.734,3.0
1132,203.658,1.882,345.0
1133,204.858,2.445,344.3
1134,204.212,2.326,9.4
1135,204.449,1.660,5.7
1136,205.038,1.933,7.7
1137,206.225,2.384,23.4
1138,205.595,2.543,343.3
1139,205.705,1.814,353.8
1140,206.102,1.832,11.5
1141,207.510,2.388,24.7
1142,206.963,2.385,22.0
1143,206.915,1.728,8.1
1144,207.521,1.823,23.0
1145,208.634,2.679,347.0
1146,208.055,2.271,19.1
1147,208.341,1.735,4.7
1148,208.873,1.913,347.2
1149,210.109,2.534,22.1
1150,209.558,2.330,347.7
1151,209.765,1.636,22.0
1152,210.178,1.853,21.9
1153,211.448,2.485,8.7
1154,210.736,2.366,344.3
1155,210.893,1.700,7.6
1156,211.326,1.845,3.0
1157,212.607,2.629,348.6
1158,211.983,2.314,24.9
1159,211.987,1.706,20.2
1160,212.647,1.848,328.8
1161,213.849,2.583,14.8
1162,213.282,2.296,2.0
1163,213.422,1.721,346.7
1164,214.066,1.739,334.9
1165,215.014,2.517,7.4
1166,214.749,2.285,1.1
1167,214.789,1.803,338.4
1168,215.367,1.923,20.1
1169,216.280,2.286,359.8
1170,216.206,2.764,33.5
1171,215.987,1.767,354.4
1172,216.603,1.772,334.8
1173,217.850,2.571,7.1
1174,217.335,2.512,349.4
1175,217.406,1.863,350.5
1176,217.755,1.972,350.1
1177,219.196,2.485,334.3
1178,218.511,2.328,7.0
1179,218.904,1.726,9.3
1180,219.284,1.867,21.3
1181,220.346,2.367,357.9
1182,220.048,2.664,4.9
1183,220.087,1.616,14.9
1184,220.589,1.849,347.9
1185,221.861,2.518,16.1
1186,221.203,2.376,344.0
1187,221.444,1.655,18.2
1188,221.821,2.095,23.3
1189,223.053,2.513,7.1
1190,222.428,2.407,338.9
1191,222.708,1.770,15.5
1192,223.321,1.969,0.9
1193,224.851,2.423,9.9
1194,224.194,2.650,35.9
1195,223.923,1.804,12.0
1196,224.506,1.867,326.4
1197,225.950,2.680,31.5
1198,225.376,2.074,13.7
1199,225.192,1.658,3.0
1200,225.655,1.936,10.8
1201,128.415,3.685,23.9
1202,127.797,3.391,353.1
1203,128.229,3.012,349.1
1204,128.657,3.196,1.7
1205,129.893,3.677,10.4
1206,129.253,3.380,349.1
1207,129.794,3.017,355.1
1208,130.292,3.126,10.6
1209,131.365,3.792,27.9
1210,130.577,3.420,348.6
1211,131.035,2.936,8.8
1212,131.536,3.163,358.8
1213,132.851,3.477,15.4
1214,132.202,3.654,333.6
1215,132.243,2.843,4.1
1216,132.668,3.051,2.9
1217,134.071,4.001,21.5
1218,133.555,3.363,17.1
1219,133.446,3.030,23.3
1220,134.017,3.027,22.1
1221,135.270,3.722,338.3
1222,134.924,3.696,31.0
1223,134.640,2.992,3.9
1224,135.261,3.076,337.3
1225,136.473,3.745,9.3
1226,135.819,3.452,355.9
1227,136.403,3.101,355.0
1228,136.736,3.214,355.9
1229,137.850,3.641,323.3
1230,137.058,3.709,356.2
1231,137.308,3.211,326.8
1232,138.083,3.070,336.8
1233,139.007,3.250,359.8
1234,138.734,3.601,3.3
1235,138.496,3.125,359.5
1236,139.254,3.039,8.4
1237,140.262,3.726,32.2
1238,139.690,3.574,332.3
1239,140.241,2.962,7.8
1240,140.723,3.204,5.3
1241,141.677,3.666,337.1
1242,141.241,3.472,348.3
1243,141.408,2.957,15.3
1244,141.827,3.082,352.7
1245,143.001,3.877,21.1
1246,142.413,3.677,338.4
1247,142.571,3.021,17.8
1248,143.088,3.266,350.0
1249,144.319,3.505,355.4
1250,143.739,3.553,44.2
1251,143.943,2.880,349.3
1252,144.626,3.031,328.0
1253,145.663,3.804,4.4
1254,145.276,3.580,345.8
1255,145.188,3.072,13.9
1256,145.630,2.914,5.0
1257,147.087,3.611,16.8
1258,146.212,3.508,323.3
1259,146.589,2.841,3.7
1260,147.024,3.036,358.6
1261,148.425,3.651,349.7
1262,147.741,3.493,42.3
1263,147.652,3.038,344.9
1264,148.434,3.232,4.2
1265,149.720,3.624,355.8
1266,149.055,3.794,3.5
1267,149.019,3.131,11.3
1268,149.565,3.142,357.5
1269,150.926,3.456,16.2
1270,150.426,3.862,320.5
1271,150.304,3.000,4.0
1272,151.155,3.041,14.4
1273,152.190,3.828,7.5
1274,151.694,3.427,17.9
1275,151.740,3.085,20.2
1276,152.478,3.088,16.9
1277,153.529,3.638,358.1
1278,152.966,3.444,14.7
1279,152.983,2.910,14.6
1280,153.581,3.003,27.5
1281,154.787,3.805,353.9
1282,154.094,3.479,5.3
1283,154.374,2.897,352.9
1284,154.982,3.156,25.1
1285,156.112,3.650,1.4
1286,155.406,3.838,306.7
1287,155.444,3.147,357.4
1288,156.165,3.077,21.0
1289,157.362,3.652,331.1
1290,156.759,3.591,17.2
1291,156.699,2.972,4.1
1292,157.558,3.090,17.9
1293,158.566,3.761,16.9
1294,158.145,3.666,345.9
1295,158.273,2.980,18.4
1296,158.725,3.045,347.7
1297,159.801,3.849,22.0
1298,159.286,3.387,8.2
1299,159.494,2.899,7.7
1300,160.047,3.060,345.3
1301,161.305,3.906,332.8
1302,160.751,3.513,357.5
1303,160.721,2.990,23.4
1304,161.314,3.190,35.2
1305,162.427,3.853,2.2
1306,161.916,3.740,338.7
1307,162.129,2.902,13.2
1308,162.680,2.971,341.1
1309,163.969,3.826,30.0
1310,163.089,3.287,6.0
1311,163.609,3.075,5.8
1312,163.884,3.022,348.5
1313,165.313,3.770,15.1
1314,164.620,3.451,357.0
1315,164.854,3.139,350.4
1316,165.297,3.196,16.9
1317,166.535,3.733,12.7
1318,166.080,3.502,335.3
1319,166.139,2.845,20.9
1320,166.515,2.986,336.2
1321,167.733,3.698,13.6
1322,167.298,3.330,341.4
1323,167.542,2.954,2.9
1324,168.018,3.247,25.3
1325,169.338,3.623,358.2
1326,168.475,3.517,2.0
1327,168.803,2.895,3.2
1328,169.167,3.063,24.4
1329,170.544,3.615,335.1
1330,169.935,3.647,347.2
1331,169.951,2.995,354.1
1332,170.524,3.069,349.4
1333,171.909,3.789,11.6
1334,171.289,3.623,326.5
1335,171.138,2.967,15.4
1336,171.688,3.149,357.1
1337,173.026,3.570,355.4
1338,172.458,3.509,329.9
1339,172.621,2.886,347.8
1340,173.306,3.044,357.5
1341,174.316,3.611,23.9
1342,173.757,3.559,30.0
1343,173.838,2.895,359.7
1344,174.399,3.130,354.5
1345,175.447,3.704,9.5
1346,174.925,3.417,4.0
1347,175.183,2.912,16.8
1348,175.698,3.150,356.2
1349,176.718,3.963,2.9
1350,176.279,3.377,16.4
1351,176.586,2.888,356.1
1352,177.103,3.066,16.6
1353,178.166,3.728,39.2
1354,177.661,3.471,358.1
1355,177.871,2.941,16.7
1356,178.269,3.090,354.4
1357,179.570,3.728,4.7
1358,179.022,3.710,30.2
1359,179.012,2.962,15.6
1360,179.528,3.181,0.5
1361,181.076,3.509,328.6
1362,180.232,3.854,329.7
1363,180.477,3.020,353.3
1364,180.989,3.114,350.8
1365,182.160,4.100,9.3
1366,181.599,3.584,339.4
1367,181.809,2.963,10.4
1368,182.420,3.155,10.6
1369,183.487,3.770,7.1
1370,182.984,3.496,9.2
1371,182.973,3.061,17.8
1372,183.495,3.335,29.0
1373,184.703,3.818,20.2
1374,184.196,3.364,26.6
1375,184.294,2.976,16.0
1376,184.874,3.127,328.1
1377,186.044,3.635,306.6
1378,185.353,3.599,12.5
1379,185.655,3.103,26.9
1380,186.055,3.038,12.1
1381,187.215,3.664,18.4
1382,186.579,3.769,331.7
1383,186.717,2.936,1.9
1384,187.394,3.045,334.8
1385,188.750,3.687,12.1
1386,187.906,3.538,329.8
1387,188.132,2.996,356.8
1388,188.753,2.917,26.8
1389,190.001,3.689,16.7
1390,189.442,3.721,320.7
1391,189.300,3.106,344.6
1392,189.925,3.087,340.3
1393,191.314,3.824,12.2
1394,190.739,3.446,341.0
1395,190.707,3.130,359.9
1396,191.369,3.121,23.5
1397,192.572,3.722,13.4
1398,191.944,3.428,349.8
1399,192.029,2.878,349.8
1400,192.588,3.016,26.5
1401,193.636,3.626,11.0
1402,193.009,3.169,10.6
1403,193.421,2.900,0.6
1404,194.030,3.193,12.5
1405,195.039,3.577,11.8
1406,194.405,3.448,47.1
1407,194.833,2.999,15.1
1408,195.395,3.073,23.9
1409,196.121,4.042,14.2
1410,195.776,3.434,17.6
1411,196.209,2.932,4.0
1412,196.624,3.078,23.9
1413,197.357,3.872,13.8
1414,196.831,3.493,3.3
1415,197.230,2.847,0.3
1416,197.875,3.132,358.7
1417,199.011,3.942,11.0
1418,198.554,3.696,358.7
1419,198.577,3.165,40.3
1420,199.235,3.217,358.8
1421,200.406,3.640,14.4
1422,199.889,3.544,325.5
1423,199.898,2.924,2.5
1424,200.334,3.087,352.0
1425,201.726,3.615,10.7
1426,201.302,4.026,340.1
1427,201.168,2.880,17.4
1428,201.467,3.227,358.3
1429,202.850,3.903,28.1
1430,202.451,3.488,348.0
1431,202.461,3.108,14.7
1432,202.923,3.167,338.3
1433,204.162,3.591,10.2
1434,203.689,3.598,348.2
1435,203.714,2.957,338.1
1436,204.319,3.044,17.3
1437,205.497,3.855,354.8
1438,205.184,3.525,2.9
1439,204.739,2.985,353.4
1440,205.709,3.285,20.9
1441,206.935,3.745,8.5
1442,206.187,3.337,6.8
1443,206.437,2.852,7.6
1444,206.938,3.161,17.7
1445,208.296,3.751,40.8
1446,207.509,3.578,20.4
1447,207.539,3.097,356.4
1448,208.247,3.079,20.7
1449,209.206,3.763,18.2
1450,208.764,3.447,17.9
1451,208.967,2.928,347.0
1452,209.461,2.951,337.0
1453,210.795,3.506,25.4
1454,210.263,3.761,11.3
1455,210.104,3.004,352.4
1456,210.630,3.116,345.5
1457,211.930,3.765,351.8
1458,211.400,3.601,344.7
1459,211.562,3.082,350.4
1460,212.068,3.128,351.2
1461,213.137,3.935,331.1
1462,212.772,3.371,16.4
1463,213.101,2.805,0.5
1464,213.415,3.117,20.9
1465,214.672,3.780,7.3
1466,214.086,3.631,341.3
1467,214.296,2.984,355.0
1468,214.497,3.183,1.4
1469,215.763,4.053,357.6
1470,215.122,3.457,345.3
1471,215.638,2.944,7.0
1472,216.062,3.347,344.7
1473,217.141,3.648,14.4
1474,216.265,3.428,344.5
1475,216.659,2.934,4.0
1476,217.539,3.144,6.9
1477,218.596,3.829,11.9
1478,217.805,3.699,338.6
1479,218.093,3.004,350.5
1480,218.786,3.263,352.7
1481,219.847,4.120,0.6
1482,219.339,3.555,2.5
1483,219.092,2.971,349.2
1484,219.750,3.051,360.0
1485,221.150,3.674,337.6
1486,220.477,3.400,6.1
1487,220.642,2.844,347.3
1488,221.136,3.036,20.5
1489,222.313,3.905,359.1
1490,221.863,3.696,29.0
1491,221.926,2.900,348.5
1492,222.487,3.085,346.7
1493,223.840,3.818,15.4
1494,223.302,3.472,336.8
1495,223.328,2.843,32.6
1496,223.664,3.127,356.6
1497,225.025,3.782,3.6
1498,224.325,3.389,354.5
1499,224.739,3.059,340.2
1500,225.376,3.128,358.4
1501,129.267,4.644,359.4
1502,129.144,4.351,0.6
1503,128.934,4.124,354.5
1504,129.693,4.540,338.2
1505,130.959,4.852,33.3
1506,130.286,4.860,355.0
1507,130.380,4.429,14.3
1508,130.947,4.294,18.8
1509,132.398,4.888,318.2
1510,131.477,4.615,17.4
1511,131.766,4.313,7.1
1512,132.310,4.302,16.6
1513,133.270,4.868,30.6
1514,132.858,4.852,46.1
1515,132.928,4.166,357.3
1516,133.566,4.524,357.6
1517,134.309,4.864,350.8
1518,134.011,4.599,30.9
1519,134.528,4.338,357.4
1520,134.886,4.502,350.0
1521,136.031,4.886,17.6
1522,135.461,5.114,13.4
1523,135.531,4.204,12.1
1524,136.084,4.590,4.0
1525,137.402,4.989,315.7
1526,136.544,4.832,7.7
1527,136.853,4.467,18.4
1528,137.525,4.381,3.7
1529,138.838,4.762,358.7
1530,138.011,4.799,40.2
1531,138.143,4.218,2.2
1532,138.600,4.578,346.4
1533,139.830,4.749,23.3
1534,139.333,5.014,328.1
1535,139.453,4.350,23.5
1536,140.149,4.317,21.6
1537,141.141,5.032,17.4
1538,140.533,4.614,22.7
1539,140.710,4.342,22.7
1540,141.323,4.524,335.1
1541,142.720,4.948,25.6
1542,141.850,4.887,53.0
1543,141.903,4.252,13.4
1544,142.424,4.384,343.5
1545,144.113,4.659,348.6
1546,143.237,4.718,317.2
1547,143.325,4.404,318.5
1548,143.783,4.265,348.7
1549,145.189,4.946,16.4
1550,144.586,4.828,337.6
1551,144.692,4.202,7.0
1552,145.051,4.356,350.5
1553,146.652,4.910,359.7
1554,145.718,4.962,56.4
1555,146.111,4.307,344.4
1556,146.549,4.148,16.3
1557,147.780,4.977,26.1
1558,146.871,4.672,348.5
1559,147.262,4.360,351.4
1560,147.873,4.340,28.2
1561,149.143,5.095,311.1
1562,148.356,4.874,28.5
1563,148.439,4.299,25.2
1564,148.952,4.641,339.0
1565,150.237,4.639,349.9
1566,149.652,4.976,346.6
1567,149.989,4.306,355.5
1568,150.509,4.452,349.6
1569,151.565,4.879,25.7
1570,150.800,4.799,339.8
1571,151.216,4.123,5.6
1572,151.853,4.438,357.5
1573,153.016,4.902,17.9
1574,152.212,4.882,16.3
1575,152.437,4.528,4.2
1576,152.962,4.336,3.0
1577,154.078,5.174,354.8
1578,153.620,4.774,6.6
1579,153.508,4.154,358.1
1580,154.223,4.523,353.1
1581,155.423,4.747,309.8
1582,154.595,4.968,58.5
1583,154.937,4.292,23.4
1584,155.546,4.309,336.1
1585,156.882,4.920,31.6
1586,156.082,4.790,58.4
1587,156.516,4.301,353.4
1588,157.086,4.444,337.6
1589,158.186,5.225,44.3
1590,157.557,4.879,343.4
1591,157.719,4.191,14.4
1592,158.164,4.489,348.9
1593,159.249,5.211,12.5
1594,158.865,4.874,348.8
1595,158.974,4.205,15.9
1596,159.489,4.441,347.0
1597,160.751,4.952,12.0
1598,159.969,4.657,3.3
1599,160.239,4.206,9.3
1600,160.534,4.447,357.3
1601,162.243,5.109,40.1
1602,161.242,4.691,25.1
1603,161.730,4.409,11.6
1604,162.069,4.304,20.5
1605,163.427,4.757,6.0
1606,162.557,5.045,319.8
1607,162.753,4.236,344.9
1608,163.403,4.292,345.4
1609,164.462,5.223,10.4
1610,164.003,4.583,29.8
1611,163.929,4.405,339.8
1612,164.842,4.530,2.2
1613,165.614,5.012,354.8
1614,165.249,4.796,5.3
1615,165.400,4.419,25.1
1616,165.899,4.295,356.5
1617,167.236,5.002,24.2
1618,166.570,4.634,5.4
1619,166.949,4.196,12.1
1620,167.100,4.455,5.0
1621,168.414,4.839,12.7
1622,167.631,4.814,40.3
1623,168.094,4.131,351.2
1624,168.705,4.557,355.0
1625,170.130,5.096,293.0
1626,169.088,4.839,336.5
1627,169.086,4.227,0.0
1628,169.698,4.387,281.8
1629,170.844,5.111,0.9
1630,170.226,4.727,357.5
1631,170.447,4.207,345.1
1632,171.232,4.369,335.9
1633,172.079,5.083,354.4
1634,171.530,4.768,355.5
1635,171.912,4.418,25.8
1636,172.534,4.345,353.0
1637,173.645,4.923,21.3
1638,173.210,4.701,2.7
1639,173.139,4.206,2.8
1640,173.767,4.426,349.4
1641,175.045,4.967,17.7
1642,174.385,4.852,335.3
1643,174.595,4.242,18.3
1644,175.101,4.501,359.2
1645,176.263,5.030,18.5
1646,175.551,4.759,359.1
1647,175.852,4.314,16.7
1648,176.526,4.470,346.9
1649,177.700,5.178,354.9
1650,177.066,4.676,27.3
1651,177.088,4.169,356.4
1652,177.703,4.498,344.8
1653,178.741,4.987,18.1
1654,178.347,4.623,17.6
1655,178.316,4.172,17.5
1656,178.979,4.353,334.7
1657,180.354,5.020,15.7
1658,179.332,5.166,357.3
1659,179.794,4.330,357.7
1660,180.237,4.492,344.3
1661,181.454,4.702,7.3
1662,180.788,4.874,315.1
1663,180.796,4.159,358.8
1664,181.820,4.390,13.6
1665,183.135,5.249,9.6
1666,182.319,4.725,19.7
1667,182.080,4.589,35.9
1668,182.815,4.639,32.3
1669,183.831,4.998,43.4
1670,183.494,4.763,9.3
1671,183.588,4.251,9.4
1672,184.154,4.372,346.8
1673,185.413,4.784,320.8
1674,184.595,4.875,24.9
1675,184.990,4.678,340.9
1676,185.174,4.327,347.0
1677,186.895,4.926,19.1
1678,185.781,5.024,349.6
1679,186.328,4.459,334.2
1680,186.700,4.275,346.8
1681,188.162,5.205,359.4
1682,187.209,4.614,11.7
1683,187.698,4.440,11.5
1684,188.070,4.186,17.0
1685,189.347,5.172,358.2
1686,188.635,4.787,13.8
1687,188.428,4.243,3.6
1688,189.255,4.462,321.1
1689,190.733,4.990,13.1
1690,189.876,4.818,58.6
1691,189.910,4.318,27.3
1692,190.488,4.276,351.9
1693,192.104,5.038,325.1
1694,191.075,4.734,0.0
1695,191.395,4.465,0.0
1696,191.965,4.292,345.0
1697,193.389,4.665,333.4
1698,192.691,4.713,356.6
1699,192.507,4.388,330.2
1700,193.142,4.367,353.8
1701,194.526,4.824,292.0
1702,193.886,4.868,348.2
1703,193.999,4.337,18.2
1704,194.416,4.129,357.3
1705,195.574,5.124,0.3
1706,194.976,4.742,12.5
1707,195.370,4.384,15.1
1708,195.937,4.548,351.4
1709,197.026,5.215,84.6
1710,196.471,4.794,358.5
1711,196.647,4.253,355.1
1712,197.190,4.441,350.0
1713,198.150,5.193,20.4
1714,197.671,4.676,13.4
1715,197.903,4.228,13.4
1716,198.471,4.375,344.7
1717,199.798,5.132,355.6
1718,199.071,4.801,6.1
1719,199.067,4.390,341.0
1720,199.618,4.559,4.8
1721,201.100,4.930,13.8
1722,200.380,4.831,55.6
1723,200.383,4.263,27.9
1724,200.908,4.355,5.6
1725,202.195,5.159,3.1
1726,201.505,4.680,1.6
1727,201.984,4.213,353.9
1728,202.644,4.703,342.5
1729,203.697,5.079,319.0
1730,202.782,5.060,325.0
1731,203.130,4.424,354.6
1732,203.679,4.211,338.2
1733,204.816,4.988,17.0
1734,204.245,4.681,3.0
1735,204.396,4.179,3.2
1736,204.895,4.482,355.9
1737,206.331,4.975,18.3
1738,205.508,4.749,51.8
1739,205.865,4.075,351.8
1740,206.224,4.676,27.0
1741,207.615,5.096,18.6
1742,206.735,4.628,24.8
1743,207.042,4.471,17.3
1744,207.569,4.351,331.5
1745,208.883,5.188,318.1
1746,208.097,4.841,2.4
1747,208.295,4.524,359.7
1748,208.805,4.253,360.0
1749,210.059,4.640,322.4
1750,209.424,4.813,15.7
1751,209.579,4.329,325.6
1752,210.182,4.370,27.7
1753,211.401,4.912,31.2
1754,210.541,4.995,335.3
1755,210.903,4.337,26.0
1756,211.587,4.320,25.8
1757,212.806,4.803,35.0
1758,211.976,5.022,24.9
1759,211.955,4.619,31.0
1760,212.720,4.297,15.2
1761,214.117,5.314,326.1
1762,213.239,4.713,25.7
1763,213.269,4.170,11.9
1764,213.869,4.395,341.8
1765,215.424,5.147,0.2
1766,214.387,4.770,6.0
1767,214.610,4.203,15.8
1768,215.110,4.490,0.6
1769,216.571,4.825,324.0
1770,215.720,4.838,59.4
1771,216.057,4.586,355.5
1772,216.614,4.254,345.7
1773,217.971,4.873,19.2
1774,217.068,4.890,3.9
1775,217.293,4.385,1.1
1776,217.736,4.270,355.6
1777,218.932,5.316,266.5
1778,218.544,4.914,331.3
1779,218.489,4.437,344.1
1780,219.128,4.546,2.7
1781,220.292,4.758,28.3
1782,219.640,4.763,355.1
1783,219.978,4.273,0.8
1784,220.595,4.407,354.8
1785,221.380,5.267,337.5
1786,221.106,4.705,7.4
1787,221.043,4.116,8.3
1788,221.765,4.433,340.2
1789,223.171,4.979,31.9
1790,222.497,4.530,13.9
1791,222.357,4.264,21.3
1792,223.031,4.316,338.6
1793,224.388,5.035,20.4
1794,223.746,4.836,335.8
1795,223.854,4.446,358.7
1796,224.223,4.411,339.3
1797,225.616,4.457,356.5
1798,225.122,4.691,4.0
1799,225.383,4.311,349.4
1800,225.649,4.117,353.2
1801,29.962,-6.137,28.0
1802,29.557,-5.943,5.7
1803,29.904,-6.425,3.1
1804,30.573,-6.505,53.4
1805,31.240,-6.086,358.6
1806,30.533,-6.016,33.3
1807,31.118,-6.768,357.3
1808,31.788,-6.487,350.8
1809,32.537,-6.036,354.1
1810,32.170,-5.807,3.3
1811,32.265,-6.395,345.6
1812,32.840,-6.446,337.3
1813,34.110,-5.988,29.9
1814,33.564,-6.097,328.8
1815,33.902,-6.602,357.0
1816,34.116,-6.401,3.5
1817,35.242,-6.013,346.9
1818,34.631,-6.119,6.4
1819,35.370,-6.661,351.6
1820,35.690,-6.395,352.4
1821,36.694,-5.831,359.8
1822,36.006,-6.183,2.5
1823,36.390,-6.845,0.7
1824,36.974,-6.456,350.4
1825,38.127,-6.319,9.2
1826,37.466,-5.870,20.7
1827,37.510,-6.331,15.4
1828,37.881,-6.779,10.8
1829,39.220,-5.920,347.2
1830,38.884,-6.129,346.5
1831,39.054,-6.023,346.9
1832,39.381,-6.439,351.4
1833,29.458,-4.603,15.3
1834,29.133,-4.904,7.5
1835,28.909,-5.363,7.6
1836,29.320,-5.041,7.3
1837,30.883,-4.759,341.8
1838,30.316,-4.746,353.3
1839,30.012,-5.579,24.8
1840,30.841,-5.306,339.8
1841,31.908,-4.559,2.9
1842,31.487,-4.814,30.0
1843,31.437,-5.300,19.3
1844,32.352,-5.117,321.9
1845,33.458,-4.717,12.4
1846,32.820,-4.806,347.8
1847,32.892,-5.442,356.3
1848,33.318,-5.172,28.8
1849,34.758,-4.604,13.9
1850,34.426,-4.754,0.4
1851,34.182,-5.253,9.6
1852,34.837,-5.321,36.9
1853,35.835,-4.554,12.2
1854,35.457,-4.911,11.0
1855,35.654,-5.513,354.8
1856,36.220,-5.145,357.4
1857,37.355,-4.909,7.5
1858,36.957,-4.682,357.5
1859,36.954,-5.323,25.8
1860,37.610,-5.248,11.9
1861,38.825,-4.686,4.6
1862,38.216,-4.762,335.6
1863,38.569,-5.334,3.2
1864,38.964,-5.568,334.8
1865,30.050,-3.403,13.7
1866,29.142,-3.619,333.5
1867,29.658,-4.240,13.4
1868,29.975,-3.916,19.7
1869,31.217,-3.461,5.2
1870,30.602,-3.605,354.9
1871,30.763,-4.208,7.2
1872,31.652,-4.045,332.0
1873,32.962,-3.444,5.4
1874,32.424,-3.633,356.4
1875,32.288,-4.045,349.5
1876,33.009,-4.167,20.7
1877,34.227,-3.544,8.1
1878,33.524,-3.644,28.8
1879,33.674,-4.345,14.3
1880,34.090,-4.071,5.7
1881,35.361,-3.342,351.7
1882,34.742,-3.594,5.2
1883,35.044,-4.090,11.5
1884,35.742,-4.116,24.3
1885,36.662,-3.431,11.9
1886,36.187,-3.703,12.0
1887,36.397,-4.192,11.6
1888,36.975,-3.923,18.4
1889,37.919,-3.462,4.9
1890,37.349,-3.624,8.0
1891,37.706,-4.177,10.2
1892,38.344,-4.074,332.4
1893,39.320,-3.570,355.9
1894,38.953,-3.616,7.2
1895,39.079,-4.087,330.1
1896,39.538,-4.175,355.7
1897,29.120,-2.359,347.9
1898,28.923,-2.613,347.9
1899,29.142,-2.995,347.3
1900,29.466,-2.803,12.1
1901,30.911,-2.192,332.3
1902,30.373,-2.321,346.3
1903,30.489,-2.987,344.6
1904,30.939,-2.927,9.1
1905,32.026,-2.300,4.2
1906,31.417,-2.630,9.3
1907,31.738,-3.238,22.5
1908,32.194,-2.906,4.4
1909,33.194,-2.294,5.8
1910,32.845,-2.425,23.6
1911,32.804,-2.994,30.1
1912,33.567,-2.920,7.0
1913,34.499,-2.347,1.7
1914,34.176,-2.447,3.3
1915,34.344,-2.998,17.1
1916,34.878,-2.957,16.9
1917,36.079,-2.274,22.9
1918,35.550,-2.527,3.7
1919,35.847,-3.070,10.0
1920,36.020,-2.849,2.3
1921,37.397,-2.287,5.7
1922,36.901,-2.455,20.6
1923,37.259,-3.021,6.4
1924,37.804,-2.672,340.5
1925,38.890,-2.289,349.8
1926,38.368,-2.480,358.9
1927,38.606,-3.038,12.1
1928,39.278,-2.927,339.5
1929,29.714,-1.259,358.8
1930,29.408,-1.567,8.2
1931,29.500,-2.137,25.0
1932,29.906,-1.546,349.7
1933,31.474,-1.254,354.9
1934,30.919,-1.462,4.8
1935,31.112,-1.856,354.1
1936,31.702,-1.845,26.6
1937,32.935,-1.276,352.3
1938,32.154,-1.253,26.0
1939,32.467,-1.896,349.4
1940,33.091,-1.681,6.3
1941,34.277,-1.234,11.9
1942,33.642,-1.075,341.6
1943,33.732,-1.815,10.9
1944,34.244,-1.802,15.8
1945,35.531,-1.263,4.5
1946,34.921,-1.330,337.5
1947,34.865,-1.849,2.0
1948,35.515,-1.801,29.4
1949,37.133,-1.171,345.0
1950,36.431,-1.365,0.1
1951,36.182,-1.920,8.7
1952,36.995,-1.761,324.6
1953,38.246,-1.139,327.2
1954,37.826,-1.243,344.3
1955,37.666,-1.867,360.0
1956,38.301,-1.831,345.1
1957,39.472,-1.295,332.0
1958,38.992,-1.261,330.0
1959,39.398,-1.932,333.6
1960,39.856,-1.736,354.9
1961,330.724,-0.393,28.8
1962,330.572,-0.332,357.3
1963,330.802,-0.555,354.2
1964,331.117,-0.519,28.9
1965,332.288,-0.149,351.8
1966,331.876,-0.454,340.3
1967,331.947,-1.263,47.6
1968,332.400,-0.838,341.6
1969,333.495,-0.518,2.6
1970,333.004,-0.324,14.3
1971,332.913,-1.051,15.1
1972,333.787,-0.704,8.3
1973,334.792,-0.301,4.3
1974,334.394,-0.522,315.0
1975,334.207,-1.075,310.8
1976,335.339,-0.944,0.3
1977,336.112,-0.583,352.7
1978,335.893,-0.387,0.1
1979,335.465,-0.788,358.1
1980,336.532,-0.975,9.7
1981,337.560,-0.422,336.6
1982,337.039,-0.560,46.8
1983,337.088,-1.222,353.5
1984,337.817,-0.753,342.4
1985,339.080,-0.675,15.5
1986,338.344,-0.428,32.7
1987,338.477,-1.167,12.5
1988,338.978,-0.799,336.6
1989,340.323,-0.426,352.7
1990,339.754,-0.717,33.6
1991,339.331,-1.207,0.1
1992,340.367,-0.981,342.6
1993,341.435,-0.282,2.0
1994,340.728,-0.684,4.5
1995,340.972,-0.985,5.3
1996,341.713,-0.783,1.3
1997,342.790,-0.430,7.1
1998,342.205,-0.473,13.8
1999,342.172,-1.016,14.5
2000,342.774,-1.064,35.9
2001,343.965,-0.500,8.9
2002,343.402,-0.530,15.1
2003,343.490,-1.149,27.8
2004,344.207,-0.660,18.9
2005,345.518,-0.547,35.0
2006,344.809,-0.616,26.0
2007,344.697,-1.134,349.3
2008,345.407,-0.919,335.7
2009,346.623,-0.237,338.3
2010,346.078,-0.398,345.6
2011,346.179,-0.679,347.7
2012,346.921,-0.833,15.6
2013,347.800,-0.399,21.4
2014,347.429,-0.351,21.2
2015,347.424,-1.062,26.0
2016,348.324,-0.742,348.6
2017,349.067,-0.422,349.2
2018,348.877,-0.525,349.3
2019,348.507,-1.017,356.5
2020,349.506,-0.988,334.9
2021,350.499,-0.605,12.6
2022,350.160,-0.341,6.5
2023,349.981,-1.045,11.8
2024,350.789,-0.680,12.3
2025,351.615,-0.307,345.6
2026,351.252,-0.542,345.1
2027,351.856,-0.810,354.0
2028,352.164,-0.783,10.3
2029,353.107,-0.477,10.2
2030,352.521,-0.761,341.8
2031,352.896,-1.188,5.2
2032,353.530,-0.831,355.3
2033,354.111,-0.211,3.4
2034,354.087,-0.610,354.4
2035,354.479,-1.328,1.0
2036,354.733,-0.442,351.3
2037,355.877,-0.617,3.1
2038,355.451,-0.383,352.1
2039,355.256,-1.205,40.6
2040,356.016,-1.042,348.7
2041,357.056,-0.218,3.9
2042,356.663,-0.518,344.5
2043,356.512,-0.887,359.2
2044,357.248,-0.742,2.2
2045,358.288,-0.532,354.6
2046,357.936,-0.320,359.8
2047,357.789,-1.124,22.7
2048,358.553,-0.828,1.1
2049,359.520,-0.458,3.4
2050,359.114,-0.463,333.6
2051,358.995,-1.152,18.6
2052,0.087,-0.729,356.7
2053,1.046,-0.462,356.5
2054,0.647,-0.523,10.0
2055,0.453,-1.078,10.2
2056,1.281,-1.087,39.0
2057,2.302,-0.238,353.7
2058,1.617,-0.596,3.1
2059,2.003,-1.246,7.4
2060,2.498,-0.842,0.3
2061,3.800,-0.677,24.2
2062,2.939,-0.463,23.9
2063,3.016,-1.145,339.8
2064,3.643,-0.902,334.9
2065,5.121,-0.451,294.0
2066,4.444,-0.495,342.3
2067,4.217,-1.053,23.2
2068,5.029,-1.092,16.9
2069,6.163,-0.120,356.8
2070,5.590,-0.604,328.2
2071,5.796,-1.290,16.1
2072,6.363,-0.650,356.1
2073,7.176,-0.411,1.4
2074,6.644,-0.851,352.8
2075,7.002,-1.174,2.2
2076,7.651,-0.659,13.4
2077,8.716,-0.528,16.5
2078,8.174,-0.396,19.9
2079,8.144,-1.072,340.0
2080,8.928,-0.887,4.4
2081,9.750,-0.352,15.6
2082,9.464,-0.606,10.3
2083,9.437,-1.133,34.1
2084,10.415,-0.644,4.3
2085,11.357,-0.152,358.5
2086,10.861,-0.422,353.1
2087,10.880,-1.296,344.9
2088,11.480,-0.764,358.7
2089,12.539,-0.514,356.0
2090,12.002,-0.508,19.3
2091,11.967,-1.094,22.4
2092,12.846,-0.964,329.0
2093,13.911,-0.505,13.3
2094,13.142,-0.359,10.1
2095,13.442,-1.027,9.0
2096,13.981,-0.926,342.7
2097,15.305,-0.350,346.3
2098,14.549,-0.827,346.0
2099,14.362,-1.241,0.8
2100,15.494,-0.769,2.8
2101,16.348,-0.421,341.9
2102,15.887,-0.386,15.1
2103,15.863,-0.982,20.8
2104,16.704,-0.955,324.4
2105,17.638,-0.254,2.9
2106,17.413,-0.519,355.1
2107,17.294,-0.991,21.2
2108,17.957,-0.746,1.6
2109,19.069,-0.259,2.7
2110,18.640,-0.451,350.2
2111,18.777,-1.142,30.5
2112,19.179,-0.650,34.1
2113,20.407,-0.298,3.2
2114,19.782,-0.659,6.6
2115,20.202,-1.273,9.0
2116,20.630,-0.857,352.3
2117,21.791,-0.455,10.8
2118,21.071,-0.583,328.7
2119,21.355,-1.202,2.2
2120,22.012,-1.025,55.5
2121,23.092,-0.190,2.2
2122,22.520,-0.438,348.0
2123,22.838,-0.755,339.2
2124,23.398,-0.816,358.3
2125,24.358,-0.437,5.5
2126,23.715,-0.607,319.3
2127,23.732,-1.317,333.7
2128,24.523,-0.738,31.4
2129,25.574,-0.186,358.9
2130,24.928,-0.350,350.4
2131,25.114,-0.934,17.5
2132,25.801,-0.693,354.7
2133,26.998,-0.297,15.8
2134,26.447,-0.416,354.5
2135,26.030,-1.302,261.3
2136,26.932,-0.743,28.6
2137,28.114,-0.171,9.3
2138,27.531,-0.613,13.3
2139,27.588,-0.907,6.2
2140,28.247,-0.749,56.1
2141,29.277,-0.150,6.1
2142,28.792,-0.444,23.9
2143,28.781,-1.172,19.5
2144,29.677,-0.846,339.3
2145,30.730,-0.017,13.4
2146,30.314,-0.288,4.4
2147,30.245,-0.815,4.2
2148,30.893,-0.527,47.1
2149,32.054,-0.079,2.5
2150,31.530,-0.249,18.3
2151,31.509,-0.780,15.7
2152,32.155,-0.500,333.8
2153,33.368,-0.046,353.6
2154,33.145,-0.304,358.3
2155,32.746,-0.718,3.9
2156,33.476,-0.692,342.6
2157,34.779,0.004,349.7
2158,34.157,-0.216,17.1
2159,34.421,-0.713,348.9
2160,34.923,-0.568,2.7
2161,35.953,-0.199,11.0
2162,35.553,-0.095,17.6
2163,35.709,-0.977,19.4
2164,36.204,-0.645,2.8
2165,37.274,-0.132,15.2
2166,36.721,-0.242,20.2
2167,36.814,-0.784,352.8
2168,37.567,-0.531,353.7
2169,38.870,-0.007,1.5
2170,38.226,-0.278,42.7
2171,38.685,-0.744,3.7
2172,39.109,-0.431,31.1
2173,331.361,1.006,0.2
2174,330.807,0.928,355.0
2175,331.159,0.028,8.8
2176,331.882,0.425,330.0
2177,333.152,0.952,348.5
2178,332.565,0.843,0.3
2179,332.580,0.370,332.2
2180,333.272,0.411,10.4
2181,334.573,1.062,0.5
2182,333.854,0.966,347.6
2183,334.055,-0.056,2.7
2184,334.418,0.397,12.5
2185,335.832,0.770,17.8
2186,335.111,0.864,15.7
2187,334.963,0.316,18.0
2188,335.707,0.203,351.0
2189,337.080,0.985,30.1
2190,336.476,0.721,349.1
2191,336.314,0.261,22.6
2192,337.116,0.351,303.7
2193,338.113,0.870,12.4
2194,337.646,0.705,340.3
2195,337.732,-0.033,348.6
2196,338.544,0.419,25.2
2197,339.637,0.952,0.1
2198,339.113,0.770,358.1
2199,338.881,0.346,18.3
2200,339.386,0.220,312.8
2201,340.823,0.830,359.9
2202,340.270,0.759,28.3
2203,340.167,0.263,347.0
2204,340.896,0.385,350.9
2205,342.215,0.788,331.4
2206,341.683,0.902,351.7
2207,341.535,0.372,35.6
2208,342.090,0.162,330.5
2209,343.452,0.825,19.6
2210,342.995,0.879,357.5
2211,342.939,0.273,13.4
2212,343.503,0.158,27.9
2213,344.594,0.929,4.7
2214,344.092,0.660,4.3
2215,344.399,0.006,7.5
2216,344.887,0.559,18.4
2217,346.028,0.972,354.8
2218,345.426,0.620,21.2
2219,345.723,0.167,19.8
2220,346.225,0.554,333.1
2221,347.477,0.992,359.9
2222,346.783,0.904,329.4
2223,347.175,-0.106,20.6
2224,347.639,0.493,23.1
2225,348.605,0.943,14.2
2226,348.094,1.025,25.9
2227,348.110,0.427,16.9
2228,348.811,0.289,327.5
2229,349.822,0.938,7.3
2230,349.320,0.658,44.8
2231,349.479,0.147,8.6
2232,350.113,0.518,305.2
2233,351.190,0.901,17.3
2234,350.870,0.884,329.8
2235,350.787,0.106,18.4
2236,351.308,0.522,338.8
2237,352.540,0.956,353.2
2238,352.054,0.671,340.1
2239,352.326,-0.184,26.8
2240,352.689,0.529,17.3
2241,353.862,0.919,352.2
2242,353.197,0.725,41.5
2243,353.450,0.173,30.5
2244,353.977,0.439,341.2
2245,355.384,0.977,344.0
2246,354.721,0.868,344.6
2247,354.508,0.127,26.0
2248,355.223,0.136,24.0
2249,356.226,0.902,37.7
2250,355.709,0.748,38.6
2251,355.864,0.220,36.1
2252,356.704,0.651,339.3
2253,357.521,0.879,353.5
2254,357.106,0.885,5.0
2255,357.290,0.311,8.4
2256,357.748,0.237,353.0
2257,358.839,0.998,7.3
2258,358.445,0.704,0.5
2259,358.808,0.078,8.4
2260,359.305,0.448,339.2
2261,0.224,0.984,7.3
2262,359.893,0.546,342.2
2263,359.893,-0.065,355.8
2264,0.433,0.566,356.6
2265,1.503,0.947,358.1
2266,0.979,0.740,357.8
2267,1.265,0.067,0.3
2268,1.710,0.422,2.2
2269,2.885,0.804,1.0
2270,2.321,0.741,19.3
2271,2.668,0.241,354.6
2272,3.130,0.344,23.6
2273,4.106,1.038,8.2
2274,3.638,0.649,11.3
2275,3.969,0.086,16.1
2276,4.394,0.562,7.9
2277,5.701,1.025,10.9
2278,4.930,0.795,344.3
2279,5.102,0.046,359.8
2280,5.473,0.334,16.8
2281,6.884,0.906,29.8
2282,6.192,0.798,27.6
2283,6.469,0.495,13.2
2284,6.864,0.276,0.6
2285,7.966,0.851,19.9
2286,7.454,0.844,354.5
2287,7.731,0.090,26.5
2288,8.469,0.459,355.3
2289,9.086,0.944,15.7
2290,8.711,0.798,328.9
2291,9.087,0.167,6.8
2292,9.732,0.627,341.4
2293,10.552,0.908,335.3
2294,10.217,0.953,355.5
2295,10.132,-0.048,4.1
2296,10.665,0.276,359.0
2297,12.059,0.837,337.8
2298,11.332,0.929,334.8
2299,11.614,0.447,358.6
2300,12.096,0.231,334.0
2301,13.495,0.868,1.0
2302,12.825,0.684,317.6
2303,12.858,0.158,1.1
2304,13.475,0.466,21.8
2305,14.688,0.875,26.9
2306,14.089,0.660,349.7
2307,14.271,0.230,11.0
2308,14.748,0.236,16.5
2309,15.792,0.993,8.4
2310,15.329,0.758,339.4
2311,15.419,0.210,54.6
2312,16.210,0.450,31.2
2313,17.481,1.006,359.7
2314,16.768,0.735,353.9
2315,16.923,0.151,1.4
2316,17.268,0.510,353.1
2317,18.575,1.012,12.3
2318,18.019,0.838,346.8
2319,18.130,0.307,355.6
2320,18.739,0.406,43.7
2321,19.786,1.062,2.2
2322,19.268,0.817,2.4
2323,19.362,-0.039,353.4
2324,20.001,0.387,2.4
2325,21.133,0.947,18.5
2326,20.495,0.667,1.2
2327,20.717,0.204,22.5
2328,21.147,0.200,30.6
2329,22.345,1.022,9.1
2330,21.857,0.765,356.8
2331,21.972,0.203,11.4
2332,22.404,0.073,343.9
2333,23.590,0.837,0.5
2334,23.347,0.981,2.8
2335,23.122,0.514,2.0
2336,23.773,0.282,355.0
2337,25.003,1.130,16.6
2338,24.412,0.793,9.5
2339,24.574,0.176,48.8
2340,25.079,0.536,43.0
2341,26.324,1.131,20.1
2342,25.812,0.880,346.1
2343,25.910,0.345,10.7
2344,26.267,0.157,2.3
2345,27.768,0.866,358.8
2346,27.154,0.903,21.1
2347,27.052,0.117,21.4
2348,27.577,0.484,5.2
2349,28.897,1.156,354.2
2350,28.341,0.937,345.2
2351,28.679,0.098,17.7
2352,29.118,0.409,16.8
2353,30.284,0.964,11.1
2354,29.545,0.843,30.2
2355,29.703,0.253,17.0
2356,30.245,0.506,31.9
2357,31.481,1.118,12.7
2358,31.005,1.022,340.7
2359,30.938,0.366,4.2
2360,31.918,0.483,357.7
2361,32.850,1.155,15.3
2362,32.255,0.941,0.8
2363,32.479,0.327,15.7
2364,32.974,0.668,3.6
2365,34.092,1.147,353.6
2366,33.546,0.945,11.5
2367,33.723,0.346,9.3
2368,34.305,0.578,8.5
2369,35.459,1.095,18.1
2370,34.859,1.093,335.0
2371,35.132,0.240,18.4
2372,35.412,0.488,359.9
2373,36.703,1.029,7.5
2374,36.127,0.988,346.2
2375,36.507,0.355,1.2
2376,37.117,0.592,347.5
2377,38.085,1.081,17.0
2378,37.635,0.937,36.3
2379,37.713,0.274,20.5
2380,38.213,0.601,359.8
2381,39.445,1.238,10.3
2382,38.856,0.919,324.8
2383,39.328,0.218,354.9
2384,39.367,0.584,15.3
2385,330.869,1.998,343.7
2386,330.444,2.041,5.5
2387,330.643,1.443,357.6
2388,331.169,1.548,358.0
2389,332.432,2.140,336.7
2390,331.949,2.033,350.3
2391,331.813,1.294,10.5
2392,332.527,1.601,346.9
2393,333.640,2.252,13.4
2394,333.048,2.114,336.1
2395,333.242,1.459,23.2
2396,333.869,1.447,339.9
2397,334.963,2.196,8.9
2398,334.363,1.971,343.3
2399,334.582,1.474,349.0
2400,335.254,1.642,4.2
2401,336.377,2.071,21.4
2402,335.843,2.057,359.4
2403,335.929,1.411,358.7
2404,336.320,1.476,12.8
2405,337.618,2.083,345.8
2406,337.070,1.882,354.9
2407,337.306,1.256,30.4
2408,337.736,1.401,331.2
2409,338.964,2.075,23.4
2410,338.355,2.076,6.6
2411,338.540,1.483,357.3
2412,339.096,1.696,52.0
2413,340.187,2.249,345.9
2414,339.717,2.014,4.6
2415,339.664,1.550,17.0
2416,340.360,1.527,22.1
2417,341.513,2.134,15.6
2418,340.863,2.082,19.5
2419,341.096,1.396,31.6
2420,341.405,1.567,8.5
2421,342.710,2.100,350.4
2422,342.123,1.969,354.9
2423,342.290,1.527,8.2
2424,342.776,1.378,353.4
2425,343.902,2.229,359.8
2426,343.423,1.916,12.0
2427,343.622,1.326,339.1
2428,344.239,1.570,31.2
2429,345.240,2.142,2.8
2430,344.845,1.922,355.0
2431,345.065,1.238,4.6
2432,345.596,1.731,12.3
2433,346.591,2.223,15.9
2434,346.005,2.279,338.6
2435,346.335,1.308,18.4
2436,346.768,1.514,345.8
2437,347.829,2.314,4.3
2438,347.273,2.011,12.7
2439,347.721,1.371,12.1
2440,348.106,1.660,0.8
2441,349.267,2.167,354.2
2442,348.784,2.016,358.5
2443,349.158,1.558,8.2
2444,349.484,1.430,8.8
2445,350.475,2.377,2.9
2446,350.028,1.941,7.6
2447,350.394,1.330,7.6
2448,350.741,1.781,9.6
2449,351.845,2.306,17.6
2450,351.443,2.053,349.2
2451,351.519,1.236,6.3
2452,352.058,1.728,358.6
2453,353.035,2.243,355.2
2454,352.513,2.044,356.1
2455,352.744,1.158,2.3
2456,353.244,1.565,359.6
2457,354.362,2.205,27.2
2458,353.962,2.015,351.1
2459,354.225,1.424,7.3
2460,354.577,1.442,343.5
2461,355.817,2.280,1.7
2462,355.230,2.077,0.8
2463,355.272,1.466,335.7
2464,355.854,1.502,340.6
2465,357.036,2.208,15.7
2466,356.498,2.005,4.3
2467,356.792,1.387,12.6
2468,357.256,1.656,7.6
2469,358.357,2.166,24.2
2470,357.775,2.080,15.9
2471,358.215,1.369,359.5
2472,358.532,1.653,4.4
2473,359.915,2.031,13.7
2474,359.201,2.053,4.8
2475,359.000,1.257,16.2
2476,359.738,1.592,2.4
2477,1.104,1.989,12.1
2478,0.401,2.064,17.5
2479,0.484,1.447,30.7
2480,1.180,1.485,27.7
2481,2.478,2.055,10.0
2482,1.880,2.136,357.9
2483,1.774,1.501,19.2
2484,2.349,1.433,20.2
2485,3.696,2.022,12.7
2486,3.060,2.182,339.8
2487,3.118,1.354,356.4
2488,3.576,1.697,18.1
2489,4.874,2.297,4.7
2490,4.371,2.159,343.1
2491,4.401,1.489,29.0
2492,4.928,1.334,324.2
2493,6.073,2.212,359.3
2494,5.759,2.099,0.2
2495,5.515,1.579,358.9
2496,6.261,1.687,353.0
2497,7.798,2.121,7.6
2498,6.831,2.114,23.6
2499,7.258,1.392,1.2
2500,7.541,1.687,21.2
2501,8.913,2.132,20.3
2502,8.311,2.264,342.0
2503,8.370,1.487,358.5
2504,8.824,1.556,343.2
2505,10.029,2.197,8.9
2506,9.492,2.067,344.1
2507,9.634,1.626,358.5
2508,10.273,1.548,11.1
2509,11.300,2.040,5.0
2510,10.671,2.143,357.5
2511,10.952,1.398,354.9
2512,11.619,1.661,13.4
2513,12.708,1.980,35.9
2514,12.154,2.101,325.3
2515,12.044,1.416,342.8
2516,12.813,1.559,7.5
2517,13.947,2.093,6.5
2518,13.392,2.094,23.1
2519,13.346,1.447,11.7
2520,13.939,1.195,10.2
2521,15.029,2.204,343.8
2522,14.516,1.994,17.4
2523,15.076,1.568,358.5
2524,15.390,1.454,341.9
2525,16.712,2.220,11.8
2526,16.050,2.076,347.2
2527,16.218,1.739,343.7
2528,16.503,1.289,351.1
2529,17.829,2.176,357.4
2530,17.384,2.124,24.7
2531,17.232,1.587,345.7
2532,17.955,1.626,351.0
2533,19.271,2.160,11.8
2534,18.633,2.136,24.9
2535,18.712,1.387,7.6
2536,19.178,1.610,352.7
2537,20.533,2.063,26.5
2538,19.979,1.981,25.2
2539,20.303,1.336,0.7
2540,20.716,1.647,2.3
2541,21.694,2.226,5.8
2542,21.149,2.005,12.1
2543,21.608,1.473,359.7
2544,22.003,1.564,17.8
2545,23.391,2.218,4.3
2546,22.324,2.026,6.4
2547,22.682,1.472,20.3
2548,23.045,1.522,354.8
2549,24.344,2.151,39.1
2550,23.804,2.042,359.5
2551,24.031,1.531,357.3
2552,24.566,1.568,21.7
2553,25.629,2.557,4.8
2554,25.170,2.185,351.0
2555,25.286,1.367,19.3
2556,25.753,1.567,350.5
2557,27.117,2.369,7.0
2558,26.590,2.069,3.3
2559,26.382,1.419,17.3
2560,26.862,1.632,350.0
2561,28.138,2.228,353.8
2562,27.700,2.142,19.7
2563,27.715,1.281,18.8
2564,28.278,1.545,352.4
2565,29.599,2.259,352.6
2566,29.032,2.060,27.6
2567,29.096,1.573,356.4
2568,29.652,1.717,352.9
2569,30.746,2.316,33.4
2570,30.163,2.111,12.4
2571,30.464,1.525,13.6
2572,30.921,1.588,341.4
2573,32.238,2.351,330.7
2574,31.686,2.135,348.1
2575,31.786,1.513,349.2
2576,32.393,1.706,19.5
2577,33.205,2.199,349.1
2578,32.834,2.342,334.6
2579,33.178,1.495,24.2
2580,33.693,1.873,9.1
2581,34.757,2.434,27.9
2582,34.334,2.278,357.8
2583,34.371,1.683,10.9
2584,34.870,1.673,343.6
2585,36.331,2.307,10.4
2586,35.662,2.137,338.3
2587,35.582,1.500,20.3
2588,36.047,1.665,356.1
2589,37.601,2.305,2.0
2590,37.033,2.091,7.6
2591,36.852,1.331,11.6
2592,37.434,1.653,354.5
2593,38.802,2.330,341.8
2594,38.197,2.120,17.2
2595,38.655,1.569,13.2
2596,38.993,1.670,10.4
2597,331.392,3.206,350.9
2598,331.051,3.359,8.5
2599,330.842,2.597,4.1
2600,331.595,2.797,340.3
2601,332.789,3.381,339.8
2602,332.434,3.212,346.4
2603,332.266,2.614,11.5
2604,332.972,2.661,341.3
2605,334.498,3.363,3.6
2606,333.800,3.357,336.8
2607,333.862,2.759,350.5
2608,334.244,2.712,6.0
2609,335.646,3.333,338.7
2610,334.969,3.148,21.3
2611,335.233,2.736,14.1
2612,335.684,2.570,1.3
2613,336.911,3.428,7.3
2614,336.302,3.186,5.7
2615,336.513,2.628,351.9
2616,337.077,2.844,350.4
2617,338.086,3.282,358.8
2618,337.658,3.169,32.0
2619,337.627,2.561,15.1
2620,338.333,2.530,353.4
2621,339.566,3.335,321.5
2622,338.854,3.197,19.1
2623,338.986,2.704,351.6
2624,339.642,2.954,49.1
2625,340.915,3.428,5.5
2626,340.319,3.232,49.4
2627,340.333,2.714,5.7
2628,340.988,2.643,19.4
2629,342.188,3.491,339.0
2630,341.509,3.238,15.7
2631,341.692,2.621,339.8
2632,342.305,2.851,26.4
2633,343.426,3.592,21.4
2634,342.893,3.196,4.6
2635,343.138,2.757,12.7
2636,343.502,2.595,14.9
2637,344.885,3.427,357.7
2638,344.294,3.346,342.3
2639,344.260,2.423,348.2
2640,344.618,2.833,355.8
2641,346.049,3.435,343.4
2642,345.333,3.222,327.5
2643,345.488,2.462,346.5
2644,346.175,2.811,16.3
2645,347.369,3.541,337.0
2646,346.704,3.360,343.4
2647,346.803,2.649,343.5
2648,347.547,2.800,11.6
2649,348.731,3.414,334.7
2650,348.031,3.215,37.3
2651,348.211,2.633,10.3
2652,348.824,2.850,11.4
2653,349.851,3.427,17.1
2654,349.282,3.325,332.9
2655,349.478,2.638,2.4
2656,350.110,2.865,9.6
2657,350.950,3.491,2.6
2658,350.546,3.320,11.5
2659,350.868,2.340,10.1
2660,351.227,2.755,351.8
2661,352.477,3.481,0.0
2662,351.994,3.182,348.6
2663,352.232,2.583,26.2
2664,352.916,2.736,346.5
2665,353.548,3.658,359.5
2666,353.252,3.263,25.3
2667,353.485,2.373,22.6
2668,353.832,2.759,347.6
2669,354.973,3.374,354.8
2670,354.618,3.131,357.8
2671,354.527,2.606,17.0
2672,355.155,2.694,343.8
2673,356.390,3.522,12.7
2674,355.903,3.207,307.1
2675,355.885,2.656,341.5
2676,356.477,2.779,32.5
2677,357.752,3.408,345.4
2678,357.234,3.223,353.1
2679,357.203,2.411,331.4
2680,357.910,2.749,14.8
2681,358.930,3.462,8.2
2682,358.398,3.349,345.7
2683,358.621,2.647,10.0
2684,359.220,2.971,16.7
2685,0.292,3.449,345.9
2686,359.668,3.283,18.5
2687,359.690,2.541,321.3
2688,0.469,2.799,16.1
2689,1.481,3.425,22.1
2690,1.139,3.238,0.2
2691,1.206,2.619,21.9
2692,1.784,2.628,353.5
2693,2.931,3.491,342.4
2694,2.283,3.288,20.1
2695,2.453,2.688,343.9
2696,2.980,2.844,13.2
2697,4.011,3.616,7.4
2698,3.556,3.291,7.7
2699,3.804,2.420,3.2
2700,4.325,2.758,4.9
2701,5.557,3.551,337.4
2702,4.994,3.278,33.6
2703,5.046,2.668,8.9
2704,5.545,2.854,347.2
2705,6.849,3.283,27.5
2706,6.295,3.562,337.4
2707,6.404,2.520,21.1
2708,6.794,2.898,27.1
2709,7.890,3.638,25.2
2710,7.627,3.264,330.7
2711,7.486,2.652,6.5
2712,8.135,2.874,349.5
2713,9.407,3.411,32.5
2714,8.776,3.354,0.9
2715,9.037,2.728,7.2
2716,9.438,2.760,350.6
2717,10.728,3.377,338.9
2718,10.067,3.336,11.2
2719,10.248,2.861,336.4
2720,10.938,2.721,23.5
2721,11.903,3.421,11.8
2722,11.408,3.200,31.4
2723,11.574,2.718,7.6
2724,12.256,2.891,336.5
2725,13.210,3.525,9.8
2726,12.672,3.269,15.6
2727,12.731,2.472,325.5
2728,13.568,2.686,336.0
2729,14.689,3.472,18.0
2730,13.947,3.295,16.0
2731,14.127,2.617,343.3
2732,14.665,2.776,18.4
2733,15.872,3.434,23.3
2734,15.377,3.217,354.6
2735,15.463,2.561,344.3
2736,15.907,2.635,338.8
2737,17.046,3.449,6.8
2738,16.648,3.231,32.5
2739,16.747,2.654,357.6
2740,17.320,2.851,354.2
2741,18.391,3.413,10.4
2742,18.142,3.276,10.0
2743,18.090,2.686,18.4
2744,18.779,2.783,13.4
2745,19.810,3.434,33.6
2746,19.170,3.322,24.8
2747,19.479,2.647,4.6
2748,19.873,2.895,10.0
2749,20.955,3.504,1.7
2750,20.558,3.284,24.1
2751,20.542,2.555,2.5
2752,21.252,2.858,358.0
2753,22.436,3.346,357.2
2754,21.968,3.282,354.5
2755,21.947,2.688,20.5
2756,22.621,2.726,18.5
2757,23.713,3.452,342.8
2758,23.089,3.317,24.8
2759,23.128,2.726,3.3
2760,23.852,2.889,340.2
2761,25.117,3.809,358.3
2762,24.490,3.373,52.9
2763,24.442,2.678,14.8
2764,24.953,2.868,357.5
2765,26.121,3.268,7.4
2766,25.514,3.114,348.9
2767,25.894,2.714,4.7
2768,26.444,2.952,5.0
2769,27.462,3.666,345.9
2770,26.964,3.499,340.4
2771,27.150,2.700,7.0
2772,27.769,2.828,332.0
2773,28.942,3.551,0.4
2774,28.454,3.260,357.3
2775,28.397,2.631,5.6
2776,28.686,2.844,1.0
2777,30.164,3.466,9.8
2778,29.809,3.395,26.6
2779,29.857,2.678,14.4
2780,30.345,2.853,350.8
2781,31.480,3.599,336.4
2782,30.904,3.103,13.7
2783,31.182,2.725,17.5
2784,31.588,2.797,348.1
2785,32.829,3.622,16.2
2786,32.315,3.716,348.5
2787,32.313,2.905,335.4
2788,32.815,2.956,346.0
2789,34.056,3.504,14.5
2790,33.552,3.364,351.1
2791,33.701,2.676,28.7
2792,34.196,2.958,347.8
2793,35.562,3.317,356.9
2794,34.849,3.260,51.4
2795,34.989,2.930,321.1
2796,35.723,2.823,15.5
2797,36.869,3.633,33.2
2798,36.101,3.448,337.9
2799,36.288,2.683,3.2
2800,36.924,2.847,337.4
2801,37.799,3.479,357.7
2802,37.427,3.313,339.1
2803,37.598,2.691,12.8
2804,38.290,2.755,340.0
2805,39.313,3.275,355.0
2806,39.015,3.456,333.7
2807,39.046,2.981,4.2
2808,39.454,2.729,351.5
2809,330.290,4.237,32.5
2810,330.691,4.549,355.1
2811,330.328,3.653,31.9
2812,330.869,3.965,348.9
2813,332.159,4.701,22.2
2814,331.666,4.383,358.9
2815,331.938,3.761,5.1
2816,332.406,4.098,333.9
2817,333.769,4.501,9.5
2818,333.083,4.361,326.2
2819,333.263,3.744,8.2
2820,333.745,4.010,7.0
2821,334.884,4.507,8.8
2822,334.409,4.505,337.3
2823,334.372,3.882,352.5
2824,335.151,3.986,6.0
2825,336.165,4.553,25.0
2826,335.623,4.298,9.1
2827,335.934,3.815,9.4
2828,336.439,3.728,342.2
2829,337.316,4.755,348.3
2830,337.052,4.376,2.4
2831,337.398,3.753,358.6
2832,337.713,3.995,353.1
2833,338.779,4.528,350.2
2834,338.359,4.290,0.9
2835,338.464,3.723,12.8
2836,338.985,3.983,354.1
2837,340.128,4.646,27.3
2838,339.732,4.428,341.1
2839,339.813,3.755,17.9
2840,340.289,3.938,349.7
2841,341.681,4.480,35.9
2842,340.972,4.511,0.6
2843,341.183,4.018,350.9
2844,341.562,3.903,17.0
2845,342.896,4.666,357.6
2846,342.330,4.475,349.9
2847,342.630,3.776,355.2
2848,342.926,4.005,342.2
2849,344.029,4.865,8.0
2850,343.415,4.358,26.3
2851,343.825,4.187,8.9
2852,344.274,3.892,341.9
2853,345.302,5.017,352.4
2854,344.734,4.489,3.2
2855,344.952,3.913,349.4
2856,345.470,3.997,11.4
2857,346.573,4.676,355.9
2858,345.984,4.459,6.8
2859,346.290,3.985,8.2
2860,346.708,3.994,356.5
2861,348.008,4.720,28.4
2862,347.321,4.285,1.9
2863,347.764,3.826,357.8
2864,347.955,4.094,2.3
2865,349.440,4.511,329.8
2866,348.897,4.588,353.9
2867,348.547,4.246,336.1
2868,349.174,3.947,2.8
2869,350.334,4.729,328.0
2870,349.965,4.651,342.3
2871,350.250,3.909,8.6
2872,350.732,4.055,0.3
2873,351.949,4.125,0.8
2874,351.430,4.527,339.3
2875,351.412,3.806,9.3
2876,351.828,3.811,359.7
2877,353.148,4.773,7.8
2878,352.385,4.436,352.6
2879,352.926,3.929,358.6
2880,353.442,4.134,359.7
2881,354.690,4.505,7.1
2882,353.869,4.313,359.8
2883,354.119,3.817,6.1
2884,354.558,4.110,15.4
2885,355.994,4.195,352.7
2886,355.382,4.650,348.3
2887,355.221,3.852,9.1
2888,355.753,3.952,346.9
2889,356.914,4.913,7.5
2890,356.512,4.410,331.6
2891,356.570,3.761,5.4
2892,357.140,3.872,348.3
2893,358.092,4.657,358.9
2894,357.597,4.419,0.4
2895,357.806,3.833,15.9
2896,358.307,4.030,354.1
2897,359.583,4.661,357.0
2898,359.067,4.409,8.6
2899,359.340,3.807,4.0
2900,359.824,4.075,2.4
2901,1.231,4.660,345.2
2902,0.495,4.579,337.8
2903,0.702,3.589,354.9
2904,0.877,3.850,355.7
2905,2.507,4.411,15.9
2906,1.897,4.493,42.4
2907,1.792,3.904,354.5
2908,2.365,4.016,8.7
2909,3.433,5.001,10.4
2910,2.987,4.582,338.1
2911,3.300,3.900,7.3
2912,3.895,3.931,24.3
2913,4.795,4.992,357.9
2914,4.276,4.352,24.9
2915,4.509,3.890,7.4
2916,4.999,4.124,9.8
2917,6.092,4.762,10.3
2918,5.409,4.334,354.4
2919,5.794,4.006,19.9
2920,6.301,4.015,354.0
2921,7.869,5.032,27.5
2922,6.789,4.551,5.6
2923,7.121,3.777,19.5
2924,7.555,4.180,13.9
2925,8.828,4.753,17.1
2926,8.111,4.481,1.0
2927,8.335,3.983,4.6
2928,8.810,4.248,21.8
2929,9.878,4.631,0.2
2930,9.305,4.929,348.9
2931,9.469,4.233,36.7
2932,10.186,3.968,1.4
2933,11.457,4.704,12.3
2934,10.825,4.515,358.1
2935,10.540,4.089,19.7
2936,11.300,3.964,10.9
2937,12.766,4.721,4.1
2938,12.191,4.446,9.3
2939,12.005,3.767,11.0
2940,12.774,4.018,54.0
2941,13.741,4.967,358.2
2942,13.341,4.241,19.7
2943,13.509,3.809,7.1
2944,14.086,3.996,12.0
2945,15.107,4.549,353.8
2946,14.788,4.624,354.7
2947,14.740,3.992,29.9
2948,15.273,3.927,354.4
2949,16.435,4.726,351.6
2950,15.887,4.232,12.6
2951,16.283,3.812,10.0
2952,16.626,4.048,354.4
2953,18.079,4.601,5.0
2954,17.321,4.376,352.3
2955,17.619,3.838,6.1
2956,17.794,4.039,353.9
2957,19.125,4.671,15.7
2958,18.790,4.559,41.0
2959,18.592,3.994,33.1
2960,19.444,4.068,9.5
2961,20.443,4.664,11.3
2962,19.894,4.360,13.0
2963,20.185,3.895,12.6
2964,20.731,4.120,3.1
2965,22.007,4.484,12.2
2966,21.409,4.588,5.3
2967,21.351,3.894,13.0
2968,21.813,3.905,343.8
2969,23.218,4.674,336.9
2970,22.613,4.688,333.6
2971,22.621,3.902,358.9
2972,23.296,4.191,349.8
2973,24.382,4.822,24.0
2974,23.814,4.635,63.1
2975,23.912,4.036,1.9
2976,24.417,4.271,2.4
2977,25.918,4.748,21.9
2978,24.878,4.457,352.3
2979,25.409,4.104,3.1
2980,25.804,4.249,359.4
2981,26.480,4.761,49.3
2982,26.349,4.484,3.8
2983,26.701,4.030,4.1
2984,27.261,4.246,0.1
2985,28.349,5.000,342.8
2986,27.851,4.614,36.7
2987,27.749,3.932,354.8
2988,28.292,4.091,354.3
2989,29.560,4.812,341.6
2990,28.846,4.354,353.8
2991,29.174,3.833,1.5
2992,29.645,4.012,348.4
2993,30.995,4.703,1.5
2994,30.318,4.838,317.4
2995,30.334,4.084,355.4
2996,31.002,4.195,341.1
2997,32.178,5.066,46.0
2998,31.455,4.342,16.4
2999,31.722,4.229,23.2
3000,32.164,4.079,348.9
3001,33.501,4.745,23.1
3002,33.093,4.953,27.5
3003,32.920,4.275,12.4
3004,33.402,4.110,344.1
3005,34.800,4.671,35.3
3006,34.102,4.587,356.0
3007,34.445,4.309,345.1
3008,34.688,3.996,348.7
3009,36.091,4.617,329.5
3010,35.337,4.521,11.2
3011,35.818,4.183,353.1
3012,36.090,3.968,359.9
3013,37.664,4.806,24.3
3014,36.596,4.645,325.4
3015,37.212,4.150,358.3
3016,37.456,3.942,344.8
3017,38.779,4.655,25.1
3018,38.172,4.392,353.3
3019,38.463,4.111,1.0
3020,38.754,3.941,357.6
3021,331.600,5.680,22.1
3022,331.034,5.741,319.9
3023,331.059,5.016,359.7
3024,331.370,5.068,0.8
3025,333.198,5.592,28.0
3026,332.452,5.524,29.4
3027,332.332,4.958,8.9
3028,332.909,5.091,348.9
3029,334.375,5.825,17.1
3030,333.703,5.618,347.8
3031,333.930,5.137,7.0
3032,334.314,5.145,350.1
3033,335.546,5.841,3.4
3034,335.018,5.575,354.6
3035,335.314,4.837,25.5
3036,335.905,5.080,333.7
3037,336.692,6.174,344.4
3038,336.224,5.560,20.6
3039,336.610,5.063,20.7
3040,337.136,5.299,35.0
3041,338.075,5.627,334.6
3042,337.510,5.586,6.7
3043,337.713,4.989,352.8
3044,338.109,5.149,0.2
3045,339.334,5.823,30.2
3046,338.768,5.583,337.7
3047,339.240,4.990,9.6
3048,339.653,5.046,345.6
3049,340.909,5.929,9.9
3050,340.305,5.560,347.7
3051,340.395,5.214,347.1
3052,340.989,5.302,27.0
3053,342.402,5.991,315.2
3054,341.443,5.645,5.5
3055,341.676,5.088,350.9
3056,342.173,5.185,16.4
3057,343.432,5.883,341.2
3058,342.967,5.917,11.7
3059,342.583,5.543,11.9
3060,343.590,5.234,348.8
3061,344.923,5.802,31.2
3062,343.970,5.738,328.8
3063,344.338,5.348,348.0
3064,344.928,5.260,4.3
3065,346.230,5.992,301.2
3066,345.513,5.585,7.4
3067,345.949,5.392,340.1
3068,346.316,5.210,11.9
3069,347.321,5.994,349.8
3070,346.768,5.645,26.1
3071,347.192,5.283,54.7
3072,347.676,5.414,354.8
3073,348.755,6.036,4.0
3074,347.838,5.681,6.3
3075,348.312,5.238,6.9
3076,348.883,5.748,22.9
3077,350.101,6.113,349.6
3078,349.407,5.849,42.1
3079,349.473,5.211,14.7
3080,350.141,5.409,328.6
3081,351.494,5.720,356.4
3082,350.705,5.777,57.9
3083,350.858,5.117,7.4
3084,351.193,5.346,348.0
3085,352.352,5.819,308.9
3086,351.815,5.555,355.3
3087,352.091,5.100,2.3
3088,352.698,5.357,356.4
3089,353.953,5.792,21.0
3090,353.234,5.686,37.1
3091,353.433,5.210,16.8
3092,353.744,5.418,358.0
3093,355.100,5.767,23.1
3094,354.453,5.739,23.6
3095,354.815,5.231,12.3
3096,355.124,5.256,359.2
3097,356.416,5.977,30.1
3098,355.746,5.656,1.3
3099,356.232,5.101,357.6
3100,356.405,5.412,357.7
3101,357.933,5.886,23.7
3102,356.967,5.706,324.0
3103,357.449,5.229,0.7
3104,357.848,5.232,15.8
3105,359.029,5.925,37.1
3106,358.450,5.514,356.7
3107,358.653,4.941,19.1
3108,359.127,5.354,38.9
3109,359.826,5.514,19.4
3110,359.520,5.888,26.7
3111,0.125,5.193,353.9
3112,0.621,5.144,19.6
3113,1.626,5.657,356.3
3114,1.028,5.453,12.6
3115,1.263,5.017,0.3
3116,1.733,5.293,15.3
3117,2.906,5.925,17.1
3118,2.204,6.039,13.2
3119,2.766,5.219,11.3
3120,3.060,5.279,331.7
3121,4.415,5.991,21.2
3122,3.530,5.616,355.3
3123,3.912,5.375,351.6
3124,4.403,5.378,13.7
3125,5.760,6.072,353.4
3126,5.067,5.566,354.7
3127,5.365,5.226,352.9
3128,5.859,5.623,340.7
3129,7.061,5.733,359.9
3130,6.407,5.424,2.6
3131,6.731,5.136,347.3
3132,7.301,5.209,359.6
3133,10.723,5.777,22.4
3134,10.230,5.905,301.6
3135,10.208,5.170,353.2
3136,10.546,5.244,352.8
3137,12.176,5.872,18.0
3138,11.194,5.461,351.3
3139,11.639,5.087,9.1
3140,12.059,5.311,315.2
3141,13.400,6.243,355.8
3142,12.709,5.608,50.9
3143,12.709,5.133,16.1
3144,13.425,5.366,319.9
3145,14.931,5.801,359.2
3146,14.001,5.601,357.9
3147,14.246,5.189,352.5
3148,14.560,5.236,348.3
3149,15.956,5.793,27.0
3150,15.407,5.791,53.0
3151,15.583,5.191,351.9
3152,16.117,5.359,357.2
3153,17.334,5.796,357.7
3154,16.429,5.603,342.5
3155,16.852,5.150,14.9
3156,17.568,5.609,356.9
3157,18.303,6.045,349.1
3158,18.004,5.733,339.8
3159,17.864,5.199,17.0
3160,18.593,5.212,340.1
3161,19.700,5.946,47.8
3162,19.247,5.685,353.9
3163,19.451,5.249,2.8
3164,19.970,5.513,13.1
3165,21.195,5.848,310.3
3166,20.607,5.755,342.5
3167,20.719,5.198,15.1
3168,21.060,5.238,351.4
3169,22.370,5.593,5.6
3170,21.846,5.839,327.8
3171,22.152,5.198,355.2
3172,22.564,5.261,10.8
3173,30.159,5.385,350.1
3174,29.770,5.967,15.9
3175,29.670,5.339,21.4
3176,29.986,5.277,350.3
3177,330.331,6.803,359.8
3178,330.494,6.547,358.3
3179,330.761,6.395,358.1
3180,330.986,6.237,356.8
3181,332.386,6.694,329.2
3182,331.800,6.750,25.3
3183,331.900,6.330,324.5
3184,332.511,6.315,25.1
3185,333.727,6.986,18.2
3186,332.966,6.949,46.7
3187,333.241,6.377,31.1
3188,333.654,6.353,5.5
3189,335.013,7.126,27.9
3190,334.306,6.806,0.6
3191,334.791,6.221,354.2
3192,334.960,6.476,354.1
3193,336.635,6.802,353.3
3194,335.557,6.926,66.3
3195,336.034,6.194,352.4
3196,336.262,6.552,2.6
3197,338.021,6.817,358.1
3198,337.416,7.082,350.5
3199,337.122,6.546,12.5
3200,337.695,6.377,353.0
3201,339.055,7.136,344.0
3202,338.474,6.786,334.7
3203,338.652,6.146,357.1
3204,339.183,6.514,38.1
3205,340.318,7.038,358.3
3206,339.664,6.600,20.4
3207,340.014,6.327,0.1
3208,340.417,6.561,339.4
