name,ra,dec
W_010001,128.604,-1.3
W_010002,129.904,-1.3
W_010003,131.203,-1.3
W_010004,132.502,-1.3
W_010005,133.801,-1.3
W_010006,135.1,-1.3
W_010007,136.399,-1.3
W_010008,137.698,-1.3
W_010009,138.997,-1.3
W_010010,140.296,-1.3
W_010011,141.595,-1.3
W_010012,142.894192,-1.3
W_010013,144.19323,-1.3
W_010014,145.492268,-1.3
W_010015,146.791306,-1.3
W_010016,148.090344,-1.3
W_010017,149.389382,-1.3
W_010018,150.68842,-1.3
W_010019,151.987458,-1.3
W_010020,153.286496,-1.3
W_010021,154.585535,-1.3
W_010022,155.884573,-1.3
W_010023,157.183611,-1.3
W_010024,158.482649,-1.3
W_010025,159.781687,-1.3
W_010026,161.080725,-1.3
W_010027,162.379763,-1.3
W_010028,163.678801,-1.3
W_010029,164.977839,-1.3
W_010030,166.276878,-1.3
W_010031,167.575916,-1.3
W_010032,168.874954,-1.3
W_010033,170.173992,-1.3
W_010034,171.47303,-1.3
W_010035,172.772068,-1.3
W_010036,174.071106,-1.3
W_010037,175.370144,-1.3
W_010038,176.669182,-1.3
W_010039,177.96822,-1.3
W_010040,179.267259,-1.3
W_010041,180.566297,-1.3
W_010042,181.865335,-1.3
W_010043,183.164373,-1.3
W_010044,184.463411,-1.3
W_010045,185.762449,-1.3
W_010046,187.061487,-1.3
W_010047,188.360525,-1.3
W_010048,189.659563,-1.3
W_010049,190.958602,-1.3
W_010050,192.25764,-1.3
W_010051,193.556678,-1.3
W_010052,194.855716,-1.3
W_010053,196.154754,-1.3
W_010054,197.453792,-1.3
W_010055,198.75283,-1.3
W_010056,200.051868,-1.3
W_010057,201.350906,-1.3
W_010058,202.649944,-1.3
W_010059,203.948983,-1.3
W_010060,205.248021,-1.3
W_010061,206.547059,-1.3
W_010062,207.846097,-1.3
W_010063,209.145135,-1.3
W_010064,210.444173,-1.3
W_010065,211.743211,-1.3
W_010066,213.042249,-1.3
W_010067,214.341287,-1.3
W_010068,215.640326,-1.3
W_010069,216.939364,-1.3
W_010070,218.238402,-1.3
W_010071,219.53744,-1.3
W_010072,220.836478,-1.3
W_010073,222.135516,-1.3
W_010074,223.434554,-1.3
W_010075,224.733592,-1.3
W_010076,129.254,-0.175
W_010077,130.553,-0.175
W_010078,131.852,-0.175
W_010079,133.151,-0.175
W_010080,134.45,-0.175
W_010081,135.749,-0.175
W_010082,137.049,-0.175
W_010083,138.348,-0.175
W_010084,139.647,-0.175
W_010085,140.946,-0.175
W_010086,142.245,-0.175
W_010087,143.543711,-0.175
W_010088,144.842749,-0.175
W_010089,146.141787,-0.175
W_010090,147.440825,-0.175
W_010091,148.739863,-0.175
W_010092,150.038901,-0.175
W_010093,151.337939,-0.175
W_010094,152.636977,-0.175
W_010095,153.936016,-0.175
W_010096,155.235054,-0.175
W_010097,156.534092,-0.175
W_010098,157.83313,-0.175
W_010099,159.132168,-0.175
W_010100,160.431206,-0.175
W_010101,161.730244,-0.175
W_010102,163.029282,-0.175
W_010103,164.32832,-0.175
W_010104,165.627358,-0.175
W_010105,166.926397,-0.175
W_010106,168.225435,-0.175
W_010107,169.524473,-0.175
W_010108,170.823511,-0.175
W_010109,172.122549,-0.175
W_010110,173.421587,-0.175
W_010111,174.720625,-0.175
W_010112,176.019663,-0.175
W_010113,177.318701,-0.175
W_010114,178.61774,-0.175
W_010115,179.916778,-0.175
W_010116,181.215816,-0.175
W_010117,182.514854,-0.175
W_010118,183.813892,-0.175
W_010119,185.11293,-0.175
W_010120,186.411968,-0.175
W_010121,187.711006,-0.175
W_010122,189.010044,-0.175
W_010123,190.309082,-0.175
W_010124,191.608121,-0.175
W_010125,192.907159,-0.175
W_010126,194.206197,-0.175
W_010127,195.505235,-0.175
W_010128,196.804273,-0.175
W_010129,198.103311,-0.175
W_010130,199.402349,-0.175
W_010131,200.701387,-0.175
W_010132,202.000425,-0.175
W_010133,203.299464,-0.175
W_010134,204.598502,-0.175
W_010135,205.89754,-0.175
W_010136,207.196578,-0.175
W_010137,208.495616,-0.175
W_010138,209.794654,-0.175
W_010139,211.093692,-0.175
W_010140,212.39273,-0.175
W_010141,213.691768,-0.175
W_010142,214.990806,-0.175
W_010143,216.289845,-0.175
W_010144,217.588883,-0.175
W_010145,218.887921,-0.175
W_010146,220.186959,-0.175
W_010147,221.485997,-0.175
W_010148,222.785035,-0.175
W_010149,224.084073,-0.175
W_010150,225.383111,-0.175
W_010151,128.604,0.95
W_010152,129.904,0.95
W_010153,131.203,0.95
W_010154,132.502,0.95
W_010155,133.801,0.95
W_010156,135.1,0.95
W_010157,136.399,0.95
W_010158,137.698,0.95
W_010159,138.997,0.95
W_010160,140.296,0.95
W_010161,141.595,0.95
W_010162,142.894192,0.95
W_010163,144.19323,0.95
W_010164,145.492268,0.95
W_010165,146.791306,0.95
W_010166,148.090344,0.95
W_010167,149.389382,0.95
W_010168,150.68842,0.95
W_010169,151.987458,0.95
W_010170,153.286496,0.95
W_010171,154.585535,0.95
W_010172,155.884573,0.95
W_010173,157.183611,0.95
W_010174,158.482649,0.95
W_010175,159.781687,0.95
W_010176,161.080725,0.95
W_010177,162.379763,0.95
W_010178,163.678801,0.95
W_010179,164.977839,0.95
W_010180,166.276878,0.95
W_010181,167.575916,0.95
W_010182,168.874954,0.95
W_010183,170.173992,0.95
W_010184,171.47303,0.95
W_010185,172.772068,0.95
W_010186,174.071106,0.95
W_010187,175.370144,0.95
W_010188,176.669182,0.95
W_010189,177.96822,0.95
W_010190,179.267259,0.95
W_010191,180.566297,0.95
W_010192,181.865335,0.95
W_010193,183.164373,0.95
W_010194,184.463411,0.95
W_010195,185.762449,0.95
W_010196,187.061487,0.95
W_010197,188.360525,0.95
W_010198,189.659563,0.95
W_010199,190.958602,0.95
W_010200,192.25764,0.95
W_010201,193.556678,0.95
W_010202,194.855716,0.95
W_010203,196.154754,0.95
W_010204,197.453792,0.95
W_010205,198.75283,0.95
W_010206,200.051868,0.95
W_010207,201.350906,0.95
W_010208,202.649944,0.95
W_010209,203.948983,0.95
W_010210,205.248021,0.95
W_010211,206.547059,0.95
W_010212,207.846097,0.95
W_010213,209.145135,0.95
W_010214,210.444173,0.95
W_010215,211.743211,0.95
W_010216,213.042249,0.95
W_010217,214.341287,0.95
W_010218,215.640326,0.95
W_010219,216.939364,0.95
W_010220,218.238402,0.95
W_010221,219.53744,0.95
W_010222,220.836478,0.95
W_010223,222.135516,0.95
W_010224,223.434554,0.95
W_010225,224.733592,0.95
W_010226,129.254,2.075
W_010227,130.553,2.075
W_010228,131.852,2.075
W_010229,133.151,2.075
W_010230,134.45,2.075
W_010231,135.749,2.075
W_010232,137.049,2.075
W_010233,138.348,2.075
W_010234,139.647,2.075
W_010235,140.946,2.075
W_010236,142.245,2.075
W_010237,143.543711,2.075
W_010238,144.842749,2.075
W_010239,146.141787,2.075
W_010240,147.440825,2.075
W_010241,148.739863,2.075
W_010242,150.038901,2.075
W_010243,151.337939,2.075
W_010244,152.636977,2.075
W_010245,153.936016,2.075
W_010246,155.235054,2.075
W_010247,156.534092,2.075
W_010248,157.83313,2.075
W_010249,159.132168,2.075
W_010250,160.431206,2.075
W_010251,161.730244,2.075
W_010252,163.029282,2.075
W_010253,164.32832,2.075
W_010254,165.627358,2.075
W_010255,166.926397,2.075
W_010256,168.225435,2.075
W_010257,169.524473,2.075
W_010258,170.823511,2.075
W_010259,172.122549,2.075
W_010260,173.421587,2.075
W_010261,174.720625,2.075
W_010262,176.019663,2.075
W_010263,177.318701,2.075
W_010264,178.61774,2.075
W_010265,179.916778,2.075
W_010266,181.215816,2.075
W_010267,182.514854,2.075
W_010268,183.813892,2.075
W_010269,185.11293,2.075
W_010270,186.411968,2.075
W_010271,187.711006,2.075
W_010272,189.010044,2.075
W_010273,190.309082,2.075
W_010274,191.608121,2.075
W_010275,192.907159,2.075
W_010276,194.206197,2.075
W_010277,195.505235,2.075
W_010278,196.804273,2.075
W_010279,198.103311,2.075
W_010280,199.402349,2.075
W_010281,200.701387,2.075
W_010282,202.000425,2.075
W_010283,203.299464,2.075
W_010284,204.598502,2.075
W_010285,205.89754,2.075
W_010286,207.196578,2.075
W_010287,208.495616,2.075
W_010288,209.794654,2.075
W_010289,211.093692,2.075
W_010290,212.39273,2.075
W_010291,213.691768,2.075
W_010292,214.990806,2.075
W_010293,216.289845,2.075
W_010294,217.588883,2.075
W_010295,218.887921,2.075
W_010296,220.186959,2.075
W_010297,221.485997,2.075
W_010298,222.785035,2.075
W_010299,224.084073,2.075
W_010300,225.383111,2.075
W_010301,128.604,3.2
W_010302,129.904,3.2
W_010303,131.203,3.2
W_010304,132.502,3.2
W_010305,133.801,3.2
W_010306,135.1,3.2
W_010307,136.399,3.2
W_010308,137.698,3.2
W_010309,138.997,3.2
W_010310,140.296,3.2
W_010311,141.595,3.2
W_010312,142.894192,3.2
W_010313,144.19323,3.2
W_010314,145.492268,3.2
W_010315,146.791306,3.2
W_010316,148.090344,3.2
W_010317,149.389382,3.2
W_010318,150.68842,3.2
W_010319,151.987458,3.2
W_010320,153.286496,3.2
W_010321,154.585535,3.2
W_010322,155.884573,3.2
W_010323,157.183611,3.2
W_010324,158.482649,3.2
W_010325,159.781687,3.2
W_010326,161.080725,3.2
W_010327,162.379763,3.2
W_010328,163.678801,3.2
W_010329,164.977839,3.2
W_010330,166.276878,3.2
W_010331,167.575916,3.2
W_010332,168.874954,3.2
W_010333,170.173992,3.2
W_010334,171.47303,3.2
W_010335,172.772068,3.2
W_010336,174.071106,3.2
W_010337,175.370144,3.2
W_010338,176.669182,3.2
W_010339,177.96822,3.2
W_010340,179.267259,3.2
W_010341,180.566297,3.2
W_010342,181.865335,3.2
W_010343,183.164373,3.2
W_010344,184.463411,3.2
W_010345,185.762449,3.2
W_010346,187.061487,3.2
W_010347,188.360525,3.2
W_010348,189.659563,3.2
W_010349,190.958602,3.2
W_010350,192.25764,3.2
W_010351,193.556678,3.2
W_010352,194.855716,3.2
W_010353,196.154754,3.2
W_010354,197.453792,3.2
W_010355,198.75283,3.2
W_010356,200.051868,3.2
W_010357,201.350906,3.2
W_010358,202.649944,3.2
W_010359,203.948983,3.2
W_010360,205.248021,3.2
W_010361,206.547059,3.2
W_010362,207.846097,3.2
W_010363,209.145135,3.2
W_010364,210.444173,3.2
W_010365,211.743211,3.2
W_010366,213.042249,3.2
W_010367,214.341287,3.2
W_010368,215.640326,3.2
W_010369,216.939364,3.2
W_010370,218.238402,3.2
W_010371,219.53744,3.2
W_010372,220.836478,3.2
W_010373,222.135516,3.2
W_010374,223.434554,3.2
W_010375,224.733592,3.2
W_010376,129.254,4.325
W_010377,130.553,4.325
W_010378,131.852,4.325
W_010379,133.151,4.325
W_010380,134.45,4.325
W_010381,135.749,4.325
W_010382,137.049,4.325
W_010383,138.348,4.325
W_010384,139.647,4.325
W_010385,140.946,4.325
W_010386,142.245,4.325
W_010387,143.543711,4.325
W_010388,144.842749,4.325
W_010389,146.141787,4.325
W_010390,147.440825,4.325
W_010391,148.739863,4.325
W_010392,150.038901,4.325
W_010393,151.337939,4.325
W_010394,152.636977,4.325
W_010395,153.936016,4.325
W_010396,155.235054,4.325
W_010397,156.534092,4.325
W_010398,157.83313,4.325
W_010399,159.132168,4.325
W_010400,160.431206,4.325
W_010401,161.730244,4.325
W_010402,163.029282,4.325
W_010403,164.32832,4.325
W_010404,165.627358,4.325
W_010405,166.926397,4.325
W_010406,168.225435,4.325
W_010407,169.524473,4.325
W_010408,170.823511,4.325
W_010409,172.122549,4.325
W_010410,173.421587,4.325
W_010411,174.720625,4.325
W_010412,176.019663,4.325
W_010413,177.318701,4.325
W_010414,178.61774,4.325
W_010415,179.916778,4.325
W_010416,181.215816,4.325
W_010417,182.514854,4.325
W_010418,183.813892,4.325
W_010419,185.11293,4.325
W_010420,186.411968,4.325
W_010421,187.711006,4.325
W_010422,189.010044,4.325
W_010423,190.309082,4.325
W_010424,191.608121,4.325
W_010425,192.907159,4.325
W_010426,194.206197,4.325
W_010427,195.505235,4.325
W_010428,196.804273,4.325
W_010429,198.103311,4.325
W_010430,199.402349,4.325
W_010431,200.701387,4.325
W_010432,202.000425,4.325
W_010433,203.299464,4.325
W_010434,204.598502,4.325
W_010435,205.89754,4.325
W_010436,207.196578,4.325
W_010437,208.495616,4.325
W_010438,209.794654,4.325
W_010439,211.093692,4.325
W_010440,212.39273,4.325
W_010441,213.691768,4.325
W_010442,214.990806,4.325
W_010443,216.289845,4.325
W_010444,217.588883,4.325
W_010445,218.887921,4.325
W_010446,220.186959,4.325
W_010447,221.485997,4.325
W_010448,222.785035,4.325
W_010449,224.084073,4.325
W_010450,225.383111,4.325
W_020001,29.9784,-6.025
W_020002,31.2774,-6.025
W_020003,32.5764,-6.025
W_020004,33.8755,-6.025
W_020005,35.1745,-6.025
W_020006,36.4735,-6.025
W_020007,37.7726,-6.025
W_020008,39.0716,-6.025
W_020009,29.3289,-4.9
W_020010,30.6279,-4.9
W_020011,31.9269,-4.9
W_020012,33.226,-4.9
W_020013,34.525,-4.9
W_020014,35.824,-4.9
W_020015,37.1231,-4.9
W_020016,38.4221,-4.9
W_020017,29.9784,-3.775
W_020018,31.2774,-3.775
W_020019,32.5764,-3.775
W_020020,33.8755,-3.775
W_020021,35.1745,-3.775
W_020022,36.4735,-3.775
W_020023,37.7726,-3.775
W_020024,39.0716,-3.775
W_020025,29.3289,-2.65
W_020026,30.6279,-2.65
W_020027,31.9269,-2.65
W_020028,33.226,-2.65
W_020029,34.525,-2.65
W_020030,35.824,-2.65
W_020031,37.1231,-2.65
W_020032,38.4221,-2.65
W_020033,29.9784,-1.525
W_020034,31.2774,-1.525
W_020035,32.5764,-1.525
W_020036,33.8755,-1.525
W_020037,35.1745,-1.525
W_020038,36.4735,-1.525
W_020039,37.7726,-1.525
W_020040,39.0716,-1.525
W_020041,330.8721,-0.4
W_020042,332.1712,-0.4
W_020043,333.4702,-0.4
W_020044,334.7692,-0.4
W_020045,336.0683,-0.4
W_020046,337.3673,-0.4
W_020047,338.6664,-0.4
W_020048,339.9654,-0.4
W_020049,341.2644,-0.4
W_020050,342.5635,-0.4
W_020051,343.8625,-0.4
W_020052,345.1615,-0.4
W_020053,346.4606,-0.4
W_020054,347.7596,-0.4
W_020055,349.0587,-0.4
W_020056,350.35769,-0.4
W_020057,351.65673,-0.4
W_020058,352.95577,-0.4
W_020059,354.25481,-0.4
W_020060,355.55385,-0.4
W_020061,356.85289,-0.4
W_020062,358.15192,-0.4
W_020063,359.450962,-0.4
W_020064,0.75,-0.4
W_020065,2.04904,-0.4
W_020066,3.34808,-0.4
W_020067,4.64711,-0.4
W_020068,5.94615,-0.4
W_020069,7.24519,-0.4
W_020070,8.54423,-0.4
W_020071,9.84327,-0.4
W_020072,11.1423,-0.4
W_020073,12.4413,-0.4
W_020074,13.7404,-0.4
W_020075,15.0394,-0.4
W_020076,16.3385,-0.4
W_020077,17.6375,-0.4
W_020078,18.9365,-0.4
W_020079,20.2356,-0.4
W_020080,21.5346,-0.4
W_020081,22.8336,-0.4
W_020082,24.1327,-0.4
W_020083,25.4317,-0.4
W_020084,26.7308,-0.4
W_020085,28.0298,-0.4
W_020086,29.3288,-0.4
W_020087,30.6279,-0.4
W_020088,31.9269,-0.4
W_020089,33.226,-0.4
W_020090,34.525,-0.4
W_020091,35.824,-0.4
W_020092,37.1231,-0.4
W_020093,38.4221,-0.4
W_020094,331.5216,0.725
W_020095,332.8207,0.725
W_020096,334.1197,0.725
W_020097,335.4188,0.725
W_020098,336.7178,0.725
W_020099,338.0168,0.725
W_020100,339.3159,0.725
W_020101,340.6149,0.725
W_020102,341.9139,0.725
W_020103,343.213,0.725
W_020104,344.512,0.725
W_020105,345.8111,0.725
W_020106,347.1101,0.725
W_020107,348.4091,0.725
W_020108,349.7082,0.725
W_020109,351.00721,0.725
W_020110,352.30625,0.725
W_020111,353.60529,0.725
W_020112,354.90433,0.725
W_020113,356.20337,0.725
W_020114,357.5024,0.725
W_020115,358.80144,0.725
W_020116,0.100481,0.725
W_020117,1.39952,0.725
W_020118,2.69856,0.725
W_020119,3.9976,0.725
W_020120,5.29663,0.725
W_020121,6.59567,0.725
W_020122,7.89471,0.725
W_020123,9.19375,0.725
W_020124,10.4928,0.725
W_020125,11.7918,0.725
W_020126,13.0909,0.725
W_020127,14.3899,0.725
W_020128,15.6889,0.725
W_020129,16.988,0.725
W_020130,18.287,0.725
W_020131,19.5861,0.725
W_020132,20.8851,0.725
W_020133,22.1841,0.725
W_020134,23.4832,0.725
W_020135,24.7822,0.725
W_020136,26.0812,0.725
W_020137,27.3803,0.725
W_020138,28.6793,0.725
W_020139,29.9784,0.725
W_020140,31.2774,0.725
W_020141,32.5764,0.725
W_020142,33.8755,0.725
W_020143,35.1745,0.725
W_020144,36.4735,0.725
W_020145,37.7726,0.725
W_020146,39.0716,0.725
W_020147,330.8721,1.85
W_020148,332.1712,1.85
W_020149,333.4702,1.85
W_020150,334.7692,1.85
W_020151,336.0683,1.85
W_020152,337.3673,1.85
W_020153,338.6664,1.85
W_020154,339.9654,1.85
W_020155,341.2644,1.85
W_020156,342.5635,1.85
W_020157,343.8625,1.85
W_020158,345.1615,1.85
W_020159,346.4606,1.85
W_020160,347.7596,1.85
W_020161,349.0587,1.85
W_020162,350.35769,1.85
W_020163,351.65673,1.85
W_020164,352.95577,1.85
W_020165,354.25481,1.85
W_020166,355.55385,1.85
W_020167,356.85289,1.85
W_020168,358.15192,1.85
W_020169,359.450962,1.85
W_020170,0.75,1.85
W_020171,2.04904,1.85
W_020172,3.34808,1.85
W_020173,4.64711,1.85
W_020174,5.94615,1.85
W_020175,7.24519,1.85
W_020176,8.54423,1.85
W_020177,9.84327,1.85
W_020178,11.1423,1.85
W_020179,12.4413,1.85
W_020180,13.7404,1.85
W_020181,15.0394,1.85
W_020182,16.3385,1.85
W_020183,17.6375,1.85
W_020184,18.9365,1.85
W_020185,20.2356,1.85
W_020186,21.5346,1.85
W_020187,22.8336,1.85
W_020188,24.1327,1.85
W_020189,25.4317,1.85
W_020190,26.7308,1.85
W_020191,28.0298,1.85
W_020192,29.3288,1.85
W_020193,30.6279,1.85
W_020194,31.9269,1.85
W_020195,33.226,1.85
W_020196,34.525,1.85
W_020197,35.824,1.85
W_020198,37.1231,1.85
W_020199,38.4221,1.85
W_020200,331.5216,2.975
W_020201,332.8207,2.975
W_020202,334.1197,2.975
W_020203,335.4188,2.975
W_020204,336.7178,2.975
W_020205,338.0168,2.975
W_020206,339.3159,2.975
W_020207,340.6149,2.975
W_020208,341.9139,2.975
W_020209,343.213,2.975
W_020210,344.512,2.975
W_020211,345.8111,2.975
W_020212,347.1101,2.975
W_020213,348.4091,2.975
W_020214,349.7082,2.975
W_020215,351.00721,2.975
W_020216,352.30625,2.975
W_020217,353.60529,2.975
W_020218,354.90433,2.975
W_020219,356.20337,2.975
W_020220,357.5024,2.975
W_020221,358.80144,2.975
W_020222,0.100481,2.975
W_020223,1.39952,2.975
W_020224,2.69856,2.975
W_020225,3.9976,2.975
W_020226,5.29663,2.975
W_020227,6.59567,2.975
W_020228,7.89471,2.975
W_020229,9.19375,2.975
W_020230,10.4928,2.975
W_020231,11.7918,2.975
W_020232,13.0909,2.975
W_020233,14.3899,2.975
W_020234,15.6889,2.975
W_020235,16.988,2.975
W_020236,18.287,2.975
W_020237,19.5861,2.975
W_020238,20.8851,2.975
W_020239,22.1841,2.975
W_020240,23.4832,2.975
W_020241,24.7822,2.975
W_020242,26.0812,2.975
W_020243,27.3803,2.975
W_020244,28.6793,2.975
W_020245,29.9784,2.975
W_020246,31.2774,2.975
W_020247,32.5764,2.975
W_020248,33.8755,2.975
W_020249,35.1745,2.975
W_020250,36.4735,2.975
W_020251,37.7726,2.975
W_020252,39.0716,2.975
W_020253,330.8721,4.1
W_020254,332.1712,4.1
W_020255,333.4702,4.1
W_020256,334.7692,4.1
W_020257,336.0683,4.1
W_020258,337.3673,4.1
W_020259,338.6664,4.1
W_020260,339.9654,4.1
W_020261,341.2644,4.1
W_020262,342.5635,4.1
W_020263,343.8625,4.1
W_020264,345.1615,4.1
W_020265,346.4606,4.1
W_020266,347.7596,4.1
W_020267,349.0587,4.1
W_020268,350.35769,4.1
W_020269,351.65673,4.1
W_020270,352.95577,4.1
W_020271,354.25481,4.1
W_020272,355.55385,4.1
W_020273,356.85289,4.1
W_020274,358.15192,4.1
W_020275,359.450962,4.1
W_020276,0.75,4.1
W_020277,2.04904,4.1
W_020278,3.34808,4.1
W_020279,4.64711,4.1
W_020280,5.94615,4.1
W_020281,7.24519,4.1
W_020282,8.54423,4.1
W_020283,9.84327,4.1
W_020284,11.1423,4.1
W_020285,12.4413,4.1
W_020286,13.7404,4.1
W_020287,15.0394,4.1
W_020288,16.3385,4.1
W_020289,17.6375,4.1
W_020290,18.9365,4.1
W_020291,20.2356,4.1
W_020292,21.5346,4.1
W_020293,22.8336,4.1
W_020294,24.1327,4.1
W_020295,25.4317,4.1
W_020296,26.7308,4.1
W_020297,28.0298,4.1
W_020298,29.3288,4.1
W_020299,30.6279,4.1
W_020300,31.9269,4.1
W_020301,33.226,4.1
W_020302,34.525,4.1
W_020303,35.824,4.1
W_020304,37.1231,4.1
W_020305,38.4221,4.1
W_020306,331.5216,5.225
W_020307,332.8207,5.225
W_020308,334.1197,5.225
W_020309,335.4188,5.225
W_020310,336.7178,5.225
W_020311,338.0168,5.225
W_020312,339.3159,5.225
W_020313,340.6149,5.225
W_020314,341.9139,5.225
W_020315,343.213,5.225
W_020316,344.512,5.225
W_020317,345.8111,5.225
W_020318,347.1101,5.225
W_020319,348.4091,5.225
W_020320,349.7082,5.225
W_020321,351.00721,5.225
W_020322,352.30625,5.225
W_020323,353.60529,5.225
W_020324,354.90433,5.225
W_020325,356.20337,5.225
W_020326,357.5024,5.225
W_020327,358.80144,5.225
W_020328,0.100481,5.225
W_020329,1.39952,5.225
W_020330,2.69856,5.225
W_020331,3.9976,5.225
W_020332,5.29663,5.225
W_020333,6.59567,5.225
W_020336,10.4928,5.225
W_020337,11.7918,5.225
W_020338,13.0909,5.225
W_020339,14.3899,5.225
W_020340,15.6889,5.225
W_020341,16.988,5.225
W_020342,18.287,5.225
W_020343,19.5861,5.225
W_020344,20.8851,5.225
W_020345,22.1841,5.225
W_020351,29.9784,5.225
W_020359,330.8721,6.35
W_020360,332.1712,6.35
W_020361,333.4702,6.35
W_020362,334.7692,6.35
W_020363,336.0683,6.35
W_020364,337.3673,6.35
W_020365,338.6664,6.35
W_020366,339.9654,6.35
