# HSC MBQ1 tiling, annealed from Atsushi phase-1 layout; each tile observed at rot, rot+90, rot+180, rot+270 deg
tileid,ra,dec,rot
1,128.619,-1.259,10.1
2,128.279,-1.130,10.5
3,128.469,-1.413,9.6
4,128.986,-1.514,10.2
5,130.153,-1.665,359.8
6,129.830,-1.369,321.3
7,129.959,-2.016,354.3
8,130.332,-1.845,359.3
9,131.272,-1.059,8.2
10,130.644,-1.416,359.8
11,131.405,-1.943,50.5
12,131.470,-1.433,31.3
13,132.787,-1.428,25.6
14,132.081,-1.416,341.9
15,131.959,-2.099,16.6
16,132.967,-1.897,340.7
17,134.194,-1.165,16.0
18,133.429,-1.471,352.8
19,133.428,-1.922,315.9
20,134.137,-1.895,60.1
21,135.232,-1.182,16.1
22,134.734,-1.354,344.0
23,134.908,-1.645,352.3
24,135.586,-1.675,21.5
25,136.623,-1.155,7.2
26,136.084,-1.394,1.9
27,136.079,-1.951,320.0
28,136.616,-1.781,341.0
29,138.106,-1.464,308.3
30,137.610,-1.302,3.4
31,137.253,-1.523,10.3
32,137.982,-1.921,338.7
33,139.327,-1.161,349.8
34,138.570,-1.431,8.1
35,138.774,-1.727,6.8
36,139.496,-1.957,48.4
37,140.535,-1.055,354.3
38,140.053,-1.370,5.3
39,139.882,-1.959,314.4
40,140.687,-1.658,357.7
41,141.811,-1.323,21.1
42,141.106,-1.338,340.0
43,141.418,-2.150,5.9
44,141.998,-1.615,25.4
45,143.282,-1.272,350.9
46,142.564,-1.353,333.7
47,142.502,-1.821,41.1
48,143.163,-1.872,332.2
49,144.335,-1.187,7.0
50,143.832,-1.505,357.0
51,143.900,-1.911,27.1
52,144.556,-1.871,335.0
53,145.823,-1.159,352.4
54,145.001,-1.521,341.0
55,145.329,-1.374,347.1
56,145.808,-1.794,24.5
57,147.065,-1.374,0.7
58,146.383,-1.810,32.9
59,146.138,-2.140,11.7
60,147.148,-1.946,342.9
61,148.291,-1.328,343.0
62,147.548,-1.628,5.1
63,147.730,-1.907,13.3
64,148.634,-1.917,34.6
65,149.549,-1.200,20.7
66,148.974,-1.330,341.4
67,149.208,-1.730,341.0
68,149.955,-1.571,4.5
69,150.668,-1.216,353.8
70,150.167,-1.762,359.4
71,150.411,-2.111,354.7
72,151.096,-1.842,43.5
73,152.348,-1.328,26.8
74,151.737,-1.259,351.2
75,151.653,-1.686,336.8
76,152.275,-1.610,31.2
77,153.621,-1.714,331.4
78,153.083,-1.239,346.2
79,152.995,-1.780,26.5
80,153.708,-1.752,20.4
81,154.847,-1.140,8.4
82,154.345,-1.357,353.1
83,154.228,-1.889,13.9
84,154.990,-1.859,70.0
85,156.039,-1.179,2.9
86,155.592,-1.461,10.1
87,155.564,-1.908,21.7
88,156.246,-1.627,0.8
89,157.274,-1.214,8.3
90,156.755,-1.460,0.7
91,157.239,-2.149,16.8
92,157.723,-1.603,6.1
93,158.864,-1.271,356.9
94,158.277,-1.408,349.4
95,158.434,-2.190,2.9
96,158.768,-1.710,7.9
97,159.945,-1.110,1.8
98,159.447,-1.537,332.4
99,159.703,-2.300,51.2
100,160.225,-1.610,19.7
101,161.196,-1.269,6.2
102,160.670,-1.216,22.5
103,160.640,-1.978,10.0
104,161.639,-1.955,329.2
105,162.583,-1.517,40.3
106,161.835,-1.422,10.0
107,161.995,-1.838,332.9
108,162.480,-1.926,37.8
109,163.774,-1.223,0.3
110,163.420,-1.414,349.2
111,163.117,-1.874,358.5
112,164.032,-1.625,3.0
113,165.237,-1.154,12.6
114,164.829,-1.416,350.0
115,164.504,-1.757,356.8
116,165.314,-1.814,327.8
117,166.490,-1.334,346.1
118,165.983,-1.315,356.8
119,165.913,-1.944,11.6
120,166.595,-1.860,340.6
121,167.931,-1.371,340.9
122,167.381,-1.440,341.6
123,167.076,-1.721,349.3
124,167.782,-1.740,42.0
125,169.101,-1.378,359.3
126,168.579,-1.373,333.9
127,168.448,-1.984,18.8
128,169.283,-2.106,358.0
129,170.378,-1.219,356.7
130,169.826,-1.306,342.2
131,169.776,-1.901,30.8
132,170.656,-1.702,15.3
133,171.820,-1.300,32.9
134,171.188,-1.347,18.3
135,171.022,-1.921,15.2
136,171.708,-1.494,352.0
137,173.150,-1.607,49.0
138,172.428,-1.417,347.1
139,172.659,-2.151,6.3
140,173.236,-1.844,9.5
141,174.683,-1.425,330.4
142,173.871,-1.352,353.7
143,173.645,-1.939,10.8
144,174.361,-1.720,344.6
145,175.612,-1.221,19.5
146,175.028,-1.362,336.0
147,175.122,-1.811,17.1
148,175.673,-1.928,44.6
149,176.853,-1.319,22.9
150,176.275,-1.299,10.8
151,176.394,-1.933,310.7
152,176.983,-1.884,37.8
153,178.100,-1.201,5.6
154,177.514,-1.428,355.7
155,177.661,-2.012,320.2
156,178.241,-1.811,347.1
157,179.347,-1.296,13.4
158,178.879,-1.229,14.2
159,178.750,-1.660,1.2
160,179.653,-1.628,18.7
161,180.656,-1.234,7.5
162,180.112,-1.474,349.5
163,180.171,-2.073,345.4
164,180.938,-1.686,6.6
165,181.918,-1.305,11.5
166,181.463,-1.459,343.1
167,181.593,-2.138,355.0
168,182.323,-1.762,11.4
169,183.299,-1.121,17.3
170,182.917,-1.416,1.1
171,182.633,-2.240,10.3
172,183.635,-1.617,12.5
173,184.529,-1.157,5.8
174,183.887,-1.322,354.6
175,184.168,-1.866,31.0
176,184.933,-1.714,348.5
177,185.810,-1.238,6.2
178,185.228,-1.447,347.9
179,185.527,-2.198,356.8
180,186.180,-1.887,341.1
181,187.148,-1.208,14.9
182,186.548,-1.602,331.5
183,186.744,-2.081,348.3
184,187.436,-1.822,66.4
185,188.514,-1.327,349.8
186,187.910,-1.423,348.4
187,188.017,-1.962,13.2
188,188.608,-1.794,351.1
189,189.947,-1.365,344.6
190,189.319,-1.349,332.0
191,189.347,-2.004,8.0
192,189.944,-1.695,2.3
193,191.254,-1.451,23.5
194,190.676,-1.228,344.1
195,190.386,-2.195,354.7
196,191.212,-1.778,20.3
197,192.752,-1.666,355.0
198,191.722,-1.428,17.5
199,191.964,-1.936,13.3
200,192.533,-1.502,357.2
201,193.362,-1.352,337.0
202,193.073,-1.316,356.4
203,193.179,-2.019,52.0
204,194.026,-1.674,19.5
205,194.922,-1.277,339.5
206,194.554,-1.304,358.9
207,194.541,-1.826,19.0
208,195.212,-1.932,16.2
209,196.328,-1.256,9.0
210,195.731,-1.326,333.9
211,195.924,-2.012,24.1
212,196.519,-1.822,343.5
213,197.638,-1.176,348.5
214,196.930,-1.460,356.7
215,197.175,-1.819,23.8
216,197.772,-1.861,341.2
217,198.925,-1.299,8.1
218,198.193,-1.498,346.3
219,198.563,-2.326,9.2
220,199.182,-1.713,10.3
221,200.108,-1.310,9.2
222,199.704,-1.450,1.2
223,199.585,-1.917,17.5
224,200.711,-1.531,0.8
225,201.379,-1.077,346.8
226,201.072,-1.365,358.6
227,201.149,-1.980,37.1
228,201.657,-1.724,350.9
229,202.819,-1.409,22.0
230,202.328,-1.225,335.3
231,202.317,-1.886,29.4
232,202.725,-1.927,44.1
233,204.040,-1.405,339.2
234,203.498,-1.518,341.9
235,204.051,-2.118,348.1
236,204.481,-1.749,2.0
237,205.501,-1.098,0.8
238,205.026,-1.372,352.8
239,205.233,-2.079,8.1
240,205.667,-1.633,353.4
241,206.828,-1.213,359.1
242,206.412,-1.369,347.1
243,206.142,-1.793,351.7
244,206.874,-1.822,332.4
245,208.044,-1.379,356.0
246,207.709,-1.280,318.4
247,207.464,-1.937,291.6
248,208.449,-1.977,18.2
249,209.349,-1.289,21.2
250,208.654,-1.215,20.0
251,209.078,-1.588,1.4
252,209.471,-1.901,327.5
253,210.545,-1.379,14.0
254,210.152,-1.409,359.5
255,209.990,-2.074,12.7
256,210.867,-1.568,19.4
257,211.822,-1.285,3.0
258,211.241,-1.547,6.6
259,211.661,-1.821,19.2
260,212.308,-1.871,335.6
261,213.284,-1.107,0.6
262,212.701,-1.451,8.2
263,212.965,-1.445,359.3
264,213.483,-1.716,0.8
265,214.630,-1.221,356.0
266,214.100,-1.383,349.9
267,213.969,-2.181,316.3
268,214.709,-1.925,324.5
269,215.790,-1.185,359.7
270,215.370,-1.456,10.3
271,215.273,-1.938,13.9
272,216.001,-1.818,341.6
273,217.233,-1.390,36.9
274,216.517,-1.221,24.8
275,216.455,-1.861,326.3
276,217.246,-1.678,46.9
277,218.635,-1.214,6.2
278,217.816,-1.330,336.4
279,217.997,-1.681,336.3
280,218.731,-1.830,33.3
281,219.990,-1.303,336.6
282,219.347,-1.383,7.2
283,219.191,-1.803,352.1
284,219.955,-1.636,359.7
285,221.397,-1.360,12.1
286,220.603,-1.268,21.6
287,220.443,-2.080,350.7
288,221.160,-1.814,359.1
289,222.311,-1.301,13.9
290,221.874,-1.391,339.3
291,222.008,-1.939,41.3
292,222.898,-1.873,38.2
293,223.907,-1.250,10.2
294,223.173,-1.326,46.9
295,223.391,-2.090,352.5
296,223.632,-1.730,8.5
297,225.033,-1.085,355.2
298,224.648,-1.314,359.6
299,224.681,-1.650,21.4
300,225.169,-1.759,347.3
301,129.510,0.044,355.0
302,128.972,-0.128,353.3
303,128.851,-0.861,326.0
304,129.629,-0.540,27.3
305,130.736,0.072,22.7
306,130.126,0.026,23.7
307,130.186,-0.490,22.1
308,130.754,-0.470,22.0
309,132.088,0.136,349.2
310,131.455,-0.090,356.1
311,131.676,-0.782,350.7
312,132.253,-0.550,16.3
313,133.637,0.033,1.0
314,132.706,-0.229,15.7
315,132.873,-0.886,349.6
316,133.325,-0.418,340.5
317,134.731,0.151,353.3
318,134.158,-0.077,20.8
319,133.986,-0.518,329.5
320,134.707,-0.615,338.0
321,135.861,0.168,349.5
322,135.333,-0.105,4.4
323,135.548,-0.375,12.1
324,136.144,-0.453,20.5
325,137.221,0.273,27.5
326,136.725,-0.122,359.8
327,136.963,-0.754,0.6
328,137.258,-0.407,13.2
329,138.398,0.048,13.4
330,138.090,-0.026,342.4
331,138.088,-0.762,24.1
332,138.782,-0.384,2.9
333,139.906,0.078,15.5
334,139.364,-0.081,348.0
335,139.560,-0.772,8.6
336,139.795,-0.487,5.4
337,141.289,0.019,34.0
338,140.595,0.015,22.6
339,141.086,-0.877,11.1
340,141.271,-0.462,24.5
341,142.453,0.141,12.7
342,141.959,0.038,344.7
343,142.131,-0.702,33.0
344,142.754,-0.333,353.8
345,143.825,0.051,8.8
346,143.220,-0.122,344.0
347,143.256,-0.790,347.3
348,143.731,-0.599,356.5
349,144.766,-0.103,357.9
350,144.367,-0.078,6.9
351,144.863,-0.714,339.4
352,145.384,-0.583,28.6
353,146.315,-0.063,0.1
354,145.722,0.078,350.6
355,146.057,-0.625,357.3
356,146.636,-0.395,354.7
357,147.793,0.017,20.1
358,147.213,-0.221,2.4
359,146.974,-0.760,34.0
360,147.680,-0.698,4.1
361,148.913,0.100,356.7
362,148.367,-0.151,345.1
363,148.236,-0.449,5.9
364,148.858,-0.954,342.7
365,150.013,0.044,3.7
366,149.651,0.026,19.6
367,149.582,-0.542,2.2
368,150.392,-0.436,326.4
369,151.662,0.063,8.3
370,151.031,-0.225,345.3
371,151.102,-0.603,3.8
372,151.255,-0.999,348.7
373,153.002,0.013,0.5
374,152.330,-0.056,27.6
375,152.448,-0.737,12.5
376,152.969,-0.321,339.1
377,154.182,-0.187,355.3
378,153.585,-0.161,32.2
379,153.684,-0.683,4.1
380,154.373,-0.487,344.6
381,155.662,0.109,9.0
382,155.078,0.001,359.3
383,154.853,-0.679,15.9
384,155.434,-0.480,353.7
385,156.573,0.139,9.3
386,156.135,-0.122,9.4
387,156.550,-0.981,22.9
388,156.953,-0.244,9.7
389,158.194,0.055,3.0
390,157.610,-0.156,344.0
391,157.702,-0.686,20.6
392,158.133,-0.842,7.9
393,159.385,0.057,339.2
394,158.739,-0.173,357.3
395,159.179,-0.875,20.2
396,159.408,-0.429,2.4
397,160.711,0.012,14.4
398,160.015,-0.026,332.1
399,160.420,-0.775,350.7
400,160.962,-0.640,350.3
401,162.217,-0.032,342.0
402,161.657,-0.028,359.8
403,161.487,-0.475,11.3
404,162.167,-0.675,338.8
405,163.202,0.013,342.9
406,162.663,-0.142,6.4
407,162.830,-0.645,349.7
408,163.333,-0.481,351.3
409,164.678,0.035,6.9
410,164.081,-0.052,347.5
411,164.232,-1.049,357.7
412,164.575,-0.595,16.5
413,166.007,0.039,23.9
414,165.216,-0.030,29.4
415,165.529,-0.608,354.4
416,166.122,-0.567,33.6
417,167.060,0.145,14.3
418,166.707,-0.143,10.4
419,166.672,-0.673,25.1
420,167.313,-0.289,3.3
421,168.269,0.037,357.0
422,167.841,-0.125,68.7
423,167.974,-0.924,1.5
424,168.635,-0.714,342.2
425,169.728,-0.088,344.3
426,169.202,-0.117,7.6
427,169.319,-0.631,353.9
428,169.762,-0.731,352.2
429,171.057,-0.048,35.2
430,170.491,0.114,343.4
431,170.696,-0.460,9.2
432,171.059,-0.931,8.5
433,172.492,-0.146,339.8
434,171.876,-0.043,332.4
435,172.135,-0.860,25.3
436,172.529,-0.478,26.5
437,173.777,-0.011,6.1
438,173.045,-0.149,341.8
439,173.223,-0.749,5.7
440,173.653,-0.401,12.4
441,174.847,-0.067,357.7
442,174.247,-0.084,0.8
443,174.402,-0.683,351.6
444,175.146,-0.258,358.6
445,176.377,0.135,9.1
446,175.788,-0.008,347.5
447,175.853,-0.472,12.5
448,176.355,-0.578,21.2
449,177.632,0.065,3.1
450,176.992,-0.141,350.6
451,177.156,-0.708,4.9
452,177.622,-0.543,31.8
453,178.847,0.143,14.1
454,178.256,-0.158,359.5
455,178.571,-0.764,1.7
456,179.167,-0.485,352.8
457,179.959,-0.063,338.8
458,179.558,-0.030,350.2
459,179.918,-0.776,15.9
460,180.476,-0.337,356.4
461,181.522,0.062,12.5
462,180.934,-0.094,340.7
463,181.141,-0.959,7.7
464,181.380,-0.624,359.2
465,182.608,0.076,19.3
466,182.115,-0.096,355.7
467,182.328,-0.732,40.7
468,182.782,-0.727,325.6
469,184.124,0.224,352.5
470,183.615,0.024,11.4
471,183.517,-0.701,325.2
472,184.230,-0.372,344.4
473,185.473,0.015,9.8
474,184.803,-0.103,354.3
475,185.068,-0.804,19.1
476,185.429,-0.658,13.6
477,186.568,0.071,24.3
478,186.041,-0.208,10.2
479,186.384,-0.739,11.7
480,186.855,-0.597,335.2
481,187.871,0.071,5.1
482,187.398,-0.126,13.2
483,187.508,-0.670,57.9
484,188.146,-0.539,21.0
485,189.252,0.104,345.0
486,188.615,-0.139,13.4
487,188.911,-0.714,6.3
488,189.367,-0.518,301.7
489,190.383,0.115,358.0
490,189.793,-0.162,8.4
491,190.204,-0.773,24.7
492,190.619,-0.437,0.9
493,191.641,0.007,16.4
494,191.161,-0.001,23.5
495,191.364,-0.979,19.3
496,191.939,-0.428,17.6
497,192.825,0.021,4.2
498,192.374,-0.077,19.1
499,192.504,-0.576,315.9
500,193.301,-0.583,32.5
501,194.134,-0.140,336.5
502,193.652,-0.071,11.7
503,194.078,-0.917,19.6
504,194.493,-0.438,31.0
505,195.637,0.163,17.3
506,195.026,-0.017,347.4
507,195.302,-0.750,345.3
508,195.847,-0.632,335.3
509,196.997,-0.042,22.4
510,196.356,-0.082,18.5
511,196.529,-0.653,342.5
512,197.153,-0.435,11.2
513,198.357,-0.071,25.7
514,197.704,-0.027,335.9
515,197.939,-0.768,343.9
516,198.384,-0.911,321.9
517,199.507,0.128,11.2
518,199.091,-0.140,4.7
519,199.480,-1.004,10.7
520,199.817,-0.301,5.5
521,200.878,0.250,3.1
522,200.331,-0.009,357.3
523,200.398,-0.831,325.0
524,200.949,-0.357,353.8
525,202.346,0.155,3.0
526,201.547,-0.077,18.0
527,201.917,-0.566,10.3
528,202.271,-0.483,21.1
529,203.421,0.013,15.9
530,202.834,-0.152,353.5
531,203.058,-0.840,338.6
532,203.704,-0.594,337.6
533,204.853,0.122,12.3
534,204.233,-0.176,20.3
535,204.023,-1.021,342.1
536,204.764,-0.625,348.8
537,205.982,0.113,7.0
538,205.562,-0.103,5.2
539,205.333,-0.495,351.0
540,206.141,-0.537,339.9
541,207.224,0.029,3.6
542,206.693,-0.098,37.7
543,206.787,-0.641,298.6
544,207.521,-0.668,348.2
545,208.544,0.106,12.5
546,208.188,-0.125,7.9
547,208.129,-0.746,20.7
548,208.918,-0.383,0.0
549,209.899,0.149,5.4
550,209.343,-0.129,8.6
551,209.573,-0.790,1.1
552,210.103,-0.396,15.8
553,211.105,-0.025,351.7
554,210.590,-0.108,8.3
555,210.811,-0.978,357.4
556,211.522,-0.503,346.9
557,212.227,0.016,354.3
558,212.038,-0.139,315.3
559,212.116,-1.024,12.9
560,212.743,-0.367,5.3
561,213.664,-0.030,348.0
562,213.399,0.040,335.7
563,213.520,-0.769,13.6
564,214.038,-0.588,351.3
565,215.491,0.054,357.8
566,214.684,-0.093,343.2
567,214.795,-0.876,358.2
568,215.166,-0.552,347.5
569,216.561,0.094,342.3
570,215.986,-0.030,26.4
571,216.122,-0.555,351.5
572,216.710,-0.360,354.4
573,217.801,-0.069,13.3
574,217.419,0.051,349.5
575,217.360,-0.840,335.9
576,218.093,-0.537,10.1
577,219.256,0.084,8.5
578,218.753,-0.092,6.6
579,218.604,-0.557,29.4
580,219.167,-0.439,341.8
581,220.654,-0.026,19.0
582,219.969,-0.037,20.3
583,219.958,-0.772,37.3
584,220.480,-0.548,342.4
585,221.762,0.014,17.7
586,221.214,-0.157,339.9
587,221.528,-0.764,13.6
588,221.934,-0.749,339.6
589,223.143,-0.007,335.1
590,222.368,-0.068,359.1
591,222.714,-0.474,343.5
592,223.328,-0.677,5.2
593,224.337,0.295,25.8
594,223.886,0.005,9.0
595,223.984,-0.631,330.2
596,224.422,-0.444,337.5
597,225.640,0.032,333.9
598,225.177,0.014,0.8
599,225.740,-0.658,351.7
600,225.568,-0.396,358.2
601,128.494,1.001,2.5
602,128.176,1.176,2.0
603,128.358,0.472,0.5
604,128.797,0.685,3.7
605,129.829,1.357,8.8
606,129.448,1.244,28.4
607,129.446,0.507,20.9
608,130.137,0.851,356.8
609,131.123,1.229,10.2
610,130.789,1.207,352.8
611,131.048,0.574,359.3
612,131.661,0.700,9.1
613,132.680,1.277,3.0
614,132.290,1.080,5.4
615,132.178,0.537,16.6
616,132.851,0.462,330.7
617,133.925,1.316,351.6
618,133.363,1.051,8.7
619,133.630,0.443,23.1
620,134.122,0.734,5.8
621,135.162,1.343,15.6
622,134.714,1.218,333.8
623,135.031,0.676,15.6
624,135.551,0.644,14.6
625,136.437,1.338,5.1
626,135.888,1.197,348.1
627,136.407,0.409,30.4
628,136.843,0.808,15.1
629,137.950,1.358,9.7
630,137.368,1.150,2.5
631,137.613,0.622,6.8
632,138.042,0.625,339.5
633,139.234,1.379,19.9
634,138.625,1.161,8.7
635,138.772,0.499,322.8
636,139.366,0.698,343.1
637,140.426,1.336,19.4
638,140.056,1.182,358.1
639,140.011,0.484,24.8
640,140.656,0.709,354.9
641,141.659,1.257,353.0
642,141.234,1.195,19.1
643,141.205,0.520,6.7
644,141.836,0.706,349.7
645,143.301,1.360,7.8
646,142.631,1.238,343.6
647,142.693,0.613,351.9
648,143.098,0.791,356.2
649,144.647,1.198,342.3
650,143.890,1.165,340.4
651,144.063,0.395,8.8
652,144.427,0.645,17.9
653,145.594,1.190,359.3
654,145.231,1.220,346.6
655,145.140,0.580,24.0
656,145.842,0.612,7.7
657,146.847,1.195,3.5
658,146.395,1.163,335.2
659,146.440,0.434,336.6
660,147.234,0.837,19.6
661,148.432,1.405,9.5
662,147.767,1.043,0.6
663,147.854,0.480,356.8
664,148.291,0.746,2.4
665,149.675,1.362,5.7
666,149.228,1.159,355.6
667,149.239,0.541,19.2
668,149.680,0.569,30.3
669,150.867,1.313,24.4
670,150.440,1.198,358.4
671,150.555,0.400,336.9
672,151.079,0.672,346.6
673,152.171,1.354,348.2
674,151.556,1.149,24.0
675,151.665,0.347,350.7
676,152.279,0.705,1.6
677,153.489,1.087,343.6
678,152.887,1.182,26.5
679,152.793,0.528,1.8
680,153.674,0.538,322.9
681,154.675,1.286,7.5
682,154.120,1.117,348.5
683,154.396,0.697,27.4
684,155.030,0.764,28.3
685,156.159,1.396,0.4
686,155.462,1.127,352.4
687,155.816,0.413,15.2
688,156.202,0.792,28.1
689,157.535,1.251,20.4
690,156.847,1.088,343.9
691,157.088,0.449,15.5
692,157.474,0.539,11.5
693,158.506,1.270,7.1
694,158.101,1.105,30.3
695,158.253,0.535,37.7
696,158.863,0.667,11.3
697,159.847,1.300,10.5
698,159.369,1.137,3.6
699,159.562,0.558,13.9
700,160.050,0.551,357.9
701,161.212,1.329,18.9
702,160.680,1.093,3.6
703,160.953,0.526,21.8
704,161.330,0.653,355.1
705,162.352,1.391,7.7
706,162.002,1.083,16.8
707,161.956,0.442,6.5
708,162.751,0.876,13.2
709,163.714,1.275,11.0
710,163.376,1.198,344.5
711,163.488,0.516,30.3
712,164.001,0.447,330.2
713,165.216,1.433,350.4
714,164.680,1.164,1.7
715,164.760,0.450,343.2
716,165.384,0.733,24.2
717,166.339,1.434,31.4
718,165.867,1.308,30.6
719,166.019,0.669,29.9
720,166.437,0.798,4.3
721,167.752,1.324,345.8
722,167.130,1.153,3.2
723,167.575,0.526,19.1
724,167.925,0.490,334.2
725,169.068,1.264,348.1
726,168.484,1.070,8.5
727,168.609,0.417,344.9
728,169.129,0.541,351.1
729,170.249,1.317,359.6
730,169.851,1.138,23.5
731,169.626,0.611,356.9
732,170.446,0.704,350.2
733,171.812,1.165,352.7
734,171.220,0.971,346.0
735,171.081,0.298,30.8
736,171.778,0.490,341.5
737,172.882,1.243,356.4
738,172.378,1.107,351.4
739,172.459,0.565,350.7
740,173.240,0.936,24.4
741,174.649,1.423,42.6
742,173.839,1.195,337.7
743,173.875,0.510,27.1
744,174.413,0.485,34.5
745,175.551,1.328,345.7
746,175.131,1.181,8.2
747,175.201,0.423,33.7
748,175.846,0.549,318.1
749,176.803,1.153,346.7
750,176.226,1.263,26.4
751,176.484,0.645,354.9
752,177.026,0.781,353.0
753,178.118,1.335,359.7
754,177.495,1.141,341.9
755,177.715,0.376,350.1
756,178.291,0.507,332.7
757,179.518,1.287,16.4
758,178.777,1.255,15.2
759,178.987,0.669,351.7
760,179.441,0.691,350.6
761,180.744,1.244,21.5
762,180.138,1.082,334.7
763,180.354,0.327,346.9
764,180.882,0.685,30.8
765,182.062,1.469,348.5
766,181.424,1.173,20.0
767,181.833,0.465,359.2
768,182.176,0.666,16.3
769,183.256,1.364,344.9
770,182.510,1.083,351.2
771,182.925,0.445,21.0
772,183.499,0.538,343.7
773,184.604,1.259,348.9
774,183.804,0.993,345.5
775,184.183,0.626,340.3
776,184.874,0.660,28.6
777,185.906,1.264,12.7
778,185.303,1.198,24.0
779,185.535,0.491,352.7
780,186.072,0.699,2.7
781,187.165,1.166,9.2
782,186.721,0.995,35.6
783,186.653,0.426,12.1
784,187.486,0.684,9.3
785,188.522,1.365,15.7
786,188.108,1.124,4.7
787,188.015,0.538,9.8
788,188.725,0.810,354.6
789,189.885,1.241,6.9
790,189.282,1.213,328.9
791,189.280,0.503,2.5
792,190.025,0.568,335.4
793,191.130,1.358,341.8
794,190.562,1.027,19.7
795,190.737,0.413,28.1
796,191.197,0.673,349.7
797,192.469,1.276,18.8
798,191.822,1.189,13.7
799,192.178,0.467,0.1
800,192.702,0.755,60.7
801,193.733,1.261,11.5
802,193.351,1.121,351.2
803,193.288,0.411,16.0
804,193.921,0.661,359.7
805,195.269,1.260,3.6
806,194.393,1.123,321.2
807,194.573,0.247,1.3
808,195.133,0.726,19.1
809,196.607,1.074,39.3
810,195.867,0.970,312.9
811,195.763,0.477,349.6
812,196.433,0.562,347.6
813,197.801,1.351,6.9
814,197.196,1.093,343.5
815,197.297,0.681,5.4
816,197.681,0.382,359.4
817,198.828,1.353,16.0
818,198.330,1.078,355.2
819,198.450,0.463,347.9
820,198.976,0.338,331.1
821,199.941,1.515,17.1
822,199.838,1.171,11.2
823,199.683,0.538,357.9
824,200.376,0.909,327.3
825,201.405,1.278,9.0
826,201.218,0.976,3.2
827,201.127,0.449,18.0
828,201.672,0.695,355.3
829,202.896,1.426,356.9
830,202.471,1.144,356.5
831,202.694,0.479,1.5
832,203.065,0.784,359.1
833,203.991,1.332,2.8
834,203.780,1.088,0.7
835,203.771,0.330,23.8
836,204.308,0.655,5.8
837,205.473,1.295,18.0
838,204.905,1.210,33.0
839,205.010,0.470,11.5
840,205.427,0.759,350.6
841,206.822,1.312,10.7
842,206.254,1.125,349.4
843,206.560,0.562,7.3
844,206.895,0.659,21.5
845,208.130,1.318,11.3
846,207.441,1.068,0.4
847,207.663,0.538,16.8
848,208.139,0.601,22.7
849,209.263,1.295,10.1
850,208.793,1.159,18.7
851,208.757,0.523,359.3
852,209.512,0.814,8.6
853,210.584,1.360,15.2
854,210.031,1.075,3.8
855,210.312,0.413,14.1
856,210.818,0.480,329.8
857,212.009,1.226,359.4
858,211.504,1.072,352.6
859,211.730,0.527,4.0
860,212.216,0.672,26.4
861,213.630,1.340,351.1
862,212.657,1.268,348.2
863,212.868,0.271,16.1
864,213.286,0.801,24.1
865,214.491,1.187,22.7
866,214.023,1.064,344.9
867,214.115,0.489,344.3
868,214.856,0.660,11.8
869,216.059,1.467,19.9
870,215.262,1.152,355.6
871,215.258,0.384,336.6
872,216.006,0.759,23.6
873,217.182,1.371,12.8
874,216.586,1.153,341.8
875,216.821,0.576,25.9
876,217.393,0.511,335.1
877,218.332,1.316,4.6
878,217.860,1.096,355.8
879,218.053,0.555,5.8
880,218.680,0.990,25.5
881,219.953,1.304,10.9
882,219.293,1.249,334.2
883,219.407,0.514,5.9
884,219.789,0.847,16.9
885,221.181,1.153,357.6
886,220.720,1.208,356.7
887,220.454,0.590,347.2
888,221.204,0.522,340.0
889,222.318,1.328,349.8
890,221.855,1.043,9.7
891,221.813,0.630,5.5
892,222.581,0.559,12.0
893,223.567,1.334,27.3
894,223.081,1.236,19.0
895,223.198,0.550,335.7
896,223.711,0.733,348.1
897,225.049,1.349,355.2
898,224.466,1.133,345.5
899,224.885,0.558,8.7
900,225.529,0.615,346.3
901,129.089,2.583,19.9
902,128.604,2.211,11.1
903,128.861,1.712,2.4
904,129.353,1.991,340.2
905,130.881,2.577,6.4
906,130.137,2.411,344.5
907,130.426,1.620,3.3
908,130.671,1.894,1.1
909,132.028,2.446,355.3
910,131.605,2.286,349.4
911,131.281,1.815,350.9
912,132.129,1.753,53.7
913,133.318,2.586,356.5
914,132.653,2.111,331.2
915,132.906,1.679,349.9
916,133.513,1.866,36.4
917,134.650,2.642,348.2
918,134.044,2.432,14.0
919,134.397,1.690,359.4
920,134.688,1.890,349.1
921,136.137,2.582,10.7
922,135.306,2.360,1.7
923,135.711,1.880,350.8
924,136.060,1.950,17.0
925,137.427,2.605,6.1
926,136.853,2.401,357.0
927,136.577,1.848,340.9
928,137.318,1.947,43.1
929,138.624,2.515,3.1
930,137.963,2.200,318.0
931,137.975,1.820,351.6
932,138.618,1.800,28.5
933,140.008,2.690,14.0
934,139.583,2.302,354.7
935,139.200,1.798,350.9
936,139.792,1.895,353.4
937,141.076,2.601,24.2
938,140.502,2.389,353.6
939,140.809,1.734,13.3
940,141.407,1.918,359.8
941,142.464,2.401,0.8
942,142.005,2.333,355.1
943,142.178,1.688,1.8
944,142.731,1.911,18.5
945,143.751,2.871,18.7
946,143.210,2.525,346.2
947,143.402,1.796,349.5
948,143.903,1.995,326.7
949,145.041,2.408,7.2
950,144.569,2.388,11.6
951,144.496,1.702,8.5
952,145.119,1.788,345.9
953,146.384,2.471,12.1
954,145.902,2.246,353.5
955,146.111,1.777,357.2
956,146.511,1.854,28.4
957,147.731,2.532,14.8
958,147.244,2.512,21.4
959,147.291,1.489,10.9
960,147.918,2.019,3.3
961,149.005,2.488,26.6
962,148.433,2.304,315.6
963,148.615,1.700,18.0
964,149.040,1.949,6.6
965,150.131,2.487,13.7
966,149.659,2.545,341.9
967,149.828,1.771,10.0
968,150.332,1.789,342.2
969,151.427,2.618,11.1
970,150.867,2.332,9.1
971,151.089,1.795,347.8
972,151.649,1.910,348.8
973,152.416,2.486,2.4
974,152.264,2.056,15.8
975,152.592,1.559,355.8
976,152.929,1.847,356.1
977,154.165,2.404,24.7
978,153.635,2.350,353.3
979,153.878,1.733,4.1
980,154.247,1.844,20.5
981,155.623,2.596,0.7
982,154.939,2.323,355.9
983,155.029,1.643,315.8
984,155.541,1.853,26.0
985,156.740,2.385,30.1
986,156.048,2.436,344.0
987,156.347,1.693,4.7
988,156.866,1.728,337.7
989,157.868,2.552,6.9
990,157.372,2.337,15.9
991,157.675,1.873,337.7
992,158.172,1.915,1.5
993,159.155,2.611,15.3
994,158.866,2.304,354.3
995,159.110,1.787,8.9
996,159.564,1.783,12.8
997,160.640,2.567,27.4
998,160.182,2.373,356.5
999,160.391,1.655,357.7
1000,160.811,1.883,21.6
1001,161.937,2.497,1.0
1002,161.267,2.459,344.3
1003,161.637,1.792,359.2
1004,162.173,1.955,14.4
1005,163.312,2.780,6.3
1006,162.607,2.371,12.8
1007,162.943,1.584,10.2
1008,163.320,1.852,6.5
1009,164.444,2.566,25.4
1010,164.014,2.322,342.0
1011,164.030,1.708,15.4
1012,164.589,1.858,29.0
1013,165.706,2.543,357.6
1014,165.063,2.377,350.8
1015,165.261,1.800,8.3
1016,165.907,2.005,352.9
1017,167.039,2.424,24.0
1018,166.583,2.304,28.5
1019,166.807,1.508,32.4
1020,167.372,1.934,6.0
1021,168.578,2.353,13.4
1022,167.843,2.405,326.3
1023,168.000,1.698,1.8
1024,168.534,1.827,13.1
1025,169.730,2.523,20.1
1026,169.168,2.305,333.7
1027,169.299,1.762,14.6
1028,169.885,1.802,20.5
1029,171.110,2.411,347.0
1030,170.520,2.296,353.4
1031,170.708,1.583,348.0
1032,171.176,1.875,3.8
1033,172.189,2.346,346.7
1034,171.839,2.527,351.4
1035,171.683,1.693,1.5
1036,172.306,1.816,351.9
1037,173.619,2.424,29.3
1038,173.009,2.465,333.4
1039,173.226,1.544,19.3
1040,173.581,1.790,350.2
1041,174.763,2.375,353.2
1042,174.391,2.195,345.6
1043,174.323,1.681,19.5
1044,174.963,1.800,344.8
1045,176.199,2.455,4.4
1046,175.922,2.630,9.7
1047,175.657,1.928,17.2
1048,176.294,1.843,349.6
1049,177.554,2.592,300.1
1050,176.967,2.347,326.4
1051,177.284,1.596,28.5
1052,177.662,2.011,26.1
1053,179.129,2.431,348.3
1054,178.486,2.353,350.8
1055,178.303,1.625,6.6
1056,178.800,1.868,7.8
1057,180.193,2.669,10.6
1058,179.682,2.489,348.1
1059,179.787,1.925,10.2
1060,180.142,1.734,9.9
1061,181.174,2.605,2.8
1062,180.751,2.313,14.3
1063,180.871,1.489,337.0
1064,181.592,1.950,23.6
1065,182.645,2.669,17.4
1066,182.146,2.424,13.6
1067,182.274,1.760,351.3
1068,182.826,1.943,350.1
1069,184.129,2.483,36.9
1070,183.526,2.254,25.3
1071,183.512,1.756,311.0
1072,184.013,1.841,16.5
1073,185.295,2.363,355.8
1074,184.785,2.374,15.0
1075,184.991,1.755,353.6
1076,185.568,1.921,12.9
1077,186.795,2.518,13.7
1078,186.168,2.370,343.9
1079,186.303,1.738,354.4
1080,186.728,1.821,18.1
1081,187.816,2.449,359.2
1082,187.380,2.328,0.3
1083,187.455,1.714,19.1
1084,188.040,1.831,52.3
1085,189.361,2.520,7.9
1086,188.682,2.188,357.4
1087,188.952,1.766,8.0
1088,189.438,1.919,9.7
1089,190.503,2.573,21.6
1090,190.057,2.314,7.5
1091,190.028,1.689,5.2
1092,190.554,1.943,8.5
1093,191.650,2.444,356.8
1094,191.192,2.489,342.0
1095,191.351,1.755,41.5
1096,191.943,1.767,23.2
1097,193.243,2.586,360.0
1098,192.705,2.365,18.1
1099,192.647,1.582,10.6
1100,193.077,1.834,6.6
1101,194.506,2.585,343.9
1102,193.894,2.213,3.0
1103,194.118,1.666,359.2
1104,194.601,1.884,24.3
1105,195.561,2.575,1.9
1106,195.160,2.177,347.5
1107,195.433,1.570,8.6
1108,195.909,1.940,7.3
1109,196.919,2.436,354.6
1110,196.524,2.245,355.9
1111,196.684,1.670,16.2
1112,197.088,1.789,1.8
1113,198.219,2.808,21.9
1114,197.775,2.286,25.6
1115,198.174,1.646,1.8
1116,198.434,1.854,23.0
1117,199.547,2.527,49.5
1118,198.840,2.574,358.4
1119,199.212,1.649,16.3
1120,199.462,1.929,2.9
1121,200.919,2.501,16.5
1122,200.350,2.395,25.0
1123,200.435,1.621,331.5
1124,201.028,1.976,353.3
1125,202.088,2.490,355.8
1126,201.597,2.239,357.5
1127,201.796,1.689,12.8
1128,202.286,1.949,355.3
1129,203.323,2.359,15.0
1130,202.890,2.600,339.1
1131,203.189,1.726,4.5
1132,203.630,1.897,345.8
1133,204.848,2.444,344.1
1134,204.211,2.325,9.3
1135,204.470,1.670,4.9
1136,205.017,1.932,7.1
1137,206.223,2.416,21.7
1138,205.604,2.531,342.3
1139,205.708,1.789,356.6
1140,206.067,1.838,8.5
1141,207.511,2.384,22.1
1142,206.960,2.371,21.1
1143,206.964,1.704,6.4
1144,207.530,1.825,21.7
1145,208.658,2.686,347.9
1146,208.055,2.271,19.1
1147,208.342,1.724,5.1
1148,208.850,1.896,343.1
1149,210.123,2.517,21.4
1150,209.515,2.322,350.1
1151,209.761,1.632,15.4
1152,210.145,1.848,23.0
1153,211.454,2.482,6.2
1154,210.744,2.311,345.1
1155,210.904,1.698,8.4
1156,211.305,1.848,0.0
1157,212.619,2.620,351.7
1158,211.989,2.305,25.1
1159,212.000,1.699,21.0
1160,212.648,1.859,329.4
1161,213.849,2.583,14.8
1162,213.276,2.289,1.4
1163,213.422,1.721,346.7
1164,214.066,1.715,334.5
1165,215.019,2.514,8.2
1166,214.745,2.282,0.8
1167,214.797,1.797,335.5
1168,215.401,1.927,18.3
1169,216.296,2.301,358.7
1170,216.208,2.759,33.3
1171,215.976,1.768,355.0
1172,216.603,1.772,334.8
1173,217.845,2.573,7.3
1174,217.338,2.513,348.2
1175,217.406,1.863,350.5
1176,217.743,1.985,351.3
1177,219.188,2.469,336.8
1178,218.549,2.293,11.8
1179,218.903,1.733,10.5
1180,219.294,1.868,22.4
1181,220.346,2.367,357.9
1182,220.066,2.645,2.9
1183,220.096,1.599,15.3
1184,220.584,1.862,347.3
1185,221.861,2.518,16.1
1186,221.177,2.380,343.3
1187,221.461,1.652,17.6
1188,221.821,2.098,23.5
1189,223.024,2.518,8.3
1190,222.428,2.407,338.9
1191,222.703,1.759,14.9
1192,223.307,1.972,357.8
1193,224.851,2.423,9.9
1194,224.118,2.612,37.3
1195,223.923,1.797,12.0
1196,224.499,1.873,329.5
1197,225.955,2.674,30.9
1198,225.376,2.074,13.7
1199,225.173,1.653,2.0
1200,225.662,1.928,9.6
1201,128.415,3.684,24.1
1202,127.769,3.320,1.6
1203,128.283,2.959,352.1
1204,128.677,3.190,4.1
1205,129.893,3.678,9.8
1206,129.266,3.383,350.3
1207,129.791,3.016,355.4
1208,130.292,3.126,10.6
1209,131.361,3.754,24.9
1210,130.609,3.449,346.8
1211,131.037,2.922,8.8
1212,131.525,3.178,2.7
1213,132.855,3.474,17.2
1214,132.155,3.659,331.0
1215,132.262,2.812,4.0
1216,132.662,3.036,1.4
1217,134.071,4.001,21.5
1218,133.545,3.359,16.7
1219,133.379,3.013,22.0
1220,134.014,3.016,23.8
1221,135.270,3.722,338.3
1222,134.943,3.704,28.8
1223,134.640,2.992,3.9
1224,135.273,3.080,335.3
1225,136.504,3.745,7.7
1226,135.818,3.435,355.9
1227,136.401,3.084,354.8
1228,136.721,3.197,355.2
1229,137.860,3.628,324.9
1230,137.075,3.693,354.7
1231,137.307,3.199,330.0
1232,138.089,3.112,337.3
1233,139.005,3.247,0.5
1234,138.733,3.598,3.7
1235,138.504,3.099,359.2
1236,139.254,3.039,8.4
1237,140.243,3.713,32.4
1238,139.681,3.588,332.4
1239,140.220,2.951,4.4
1240,140.718,3.191,6.2
1241,141.660,3.630,339.3
1242,141.235,3.490,347.0
1243,141.431,2.943,14.9
1244,141.825,3.026,355.5
1245,142.968,3.849,21.0
1246,142.385,3.660,335.5
1247,142.585,3.003,21.2
1248,143.090,3.260,350.3
1249,144.312,3.510,355.9
1250,143.747,3.538,40.7
1251,143.945,2.887,349.3
1252,144.632,3.033,326.8
1253,145.659,3.805,4.8
1254,145.270,3.577,345.2
1255,145.191,3.084,13.1
1256,145.630,2.916,4.9
1257,147.108,3.622,15.8
1258,146.238,3.473,323.0
1259,146.609,2.831,5.0
1260,147.022,3.032,358.4
1261,148.407,3.628,350.2
1262,147.726,3.490,42.2
1263,147.652,3.038,344.9
1264,148.407,3.238,5.5
1265,149.722,3.597,355.0
1266,149.043,3.802,0.4
1267,149.016,3.124,13.2
1268,149.519,3.130,1.9
1269,150.927,3.433,16.2
1270,150.427,3.826,321.8
1271,150.256,3.004,4.7
1272,151.220,3.051,18.3
1273,152.185,3.837,8.5
1274,151.727,3.425,18.0
1275,151.742,3.057,20.1
1276,152.512,3.061,15.6
1277,153.505,3.620,1.3
1278,152.975,3.434,23.6
1279,153.003,2.898,15.7
1280,153.591,3.023,29.1
1281,154.787,3.806,353.8
1282,154.083,3.468,5.2
1283,154.378,2.898,353.3
1284,154.976,3.146,26.1
1285,156.104,3.654,2.1
1286,155.404,3.825,305.2
1287,155.444,3.147,357.4
1288,156.175,3.085,21.0
1289,157.365,3.656,330.1
1290,156.768,3.585,20.5
1291,156.710,2.965,2.5
1292,157.556,3.088,17.5
1293,158.532,3.753,17.1
1294,158.144,3.630,347.4
1295,158.294,2.901,18.7
1296,158.758,3.007,350.7
1297,159.753,3.800,25.9
1298,159.286,3.368,12.9
1299,159.495,2.897,11.6
1300,160.057,3.031,346.8
1301,161.295,3.890,332.8
1302,160.751,3.513,357.5
1303,160.721,2.990,23.4
1304,161.357,3.173,35.6
1305,162.427,3.853,2.2
1306,161.913,3.741,338.6
1307,162.147,2.900,11.6
1308,162.683,2.961,341.9
1309,163.969,3.826,30.0
1310,163.077,3.292,5.2
1311,163.612,3.056,5.6
1312,163.879,3.001,348.4
1313,165.314,3.776,16.4
1314,164.591,3.409,356.0
1315,164.851,3.104,349.9
1316,165.312,3.192,18.8
1317,166.531,3.737,13.2
1318,166.089,3.497,335.4
1319,166.143,2.840,21.0
1320,166.515,2.986,336.2
1321,167.714,3.701,13.4
1322,167.284,3.311,345.4
1323,167.546,2.969,359.7
1324,168.006,3.230,26.9
1325,169.341,3.619,358.8
1326,168.455,3.513,2.1
1327,168.795,2.885,4.9
1328,169.144,3.066,25.2
1329,170.517,3.609,332.2
1330,169.908,3.630,346.5
1331,169.967,2.989,352.2
1332,170.518,3.068,346.3
1333,171.906,3.789,11.8
1334,171.277,3.606,327.7
1335,171.191,2.931,23.9
1336,171.679,3.138,0.3
1337,173.018,3.574,355.2
1338,172.451,3.498,329.1
1339,172.628,2.883,347.6
1340,173.305,3.039,357.3
1341,174.346,3.617,21.8
1342,173.769,3.582,28.4
1343,173.858,2.921,0.9
1344,174.383,3.140,352.9
1345,175.443,3.694,8.9
1346,174.945,3.412,3.5
1347,175.183,2.922,14.7
1348,175.690,3.126,357.2
1349,176.722,3.961,2.3
1350,176.279,3.387,14.5
1351,176.556,2.877,0.4
1352,177.088,3.067,15.3
1353,178.150,3.733,37.3
1354,177.675,3.470,358.1
1355,177.877,2.932,17.6
1356,178.269,3.090,354.4
1357,179.536,3.678,6.7
1358,179.003,3.660,31.0
1359,179.013,2.940,14.7
1360,179.534,3.191,359.7
1361,181.077,3.507,328.0
1362,180.235,3.842,329.1
1363,180.456,2.991,358.5
1364,180.936,3.141,351.3
1365,182.144,4.099,9.3
1366,181.597,3.585,339.4
1367,181.825,2.936,11.5
1368,182.406,3.151,10.3
1369,183.475,3.775,8.6
1370,182.985,3.505,10.1
1371,182.980,3.055,17.0
1372,183.478,3.311,29.7
1373,184.690,3.822,18.8
1374,184.188,3.374,31.6
1375,184.300,2.988,17.1
1376,184.948,3.081,326.2
1377,186.043,3.643,313.6
1378,185.359,3.584,11.9
1379,185.658,3.138,22.3
1380,186.041,3.004,13.2
1381,187.215,3.642,19.5
1382,186.565,3.758,332.7
1383,186.738,2.933,2.0
1384,187.350,3.038,335.4
1385,188.755,3.685,11.0
1386,187.911,3.484,327.3
1387,188.205,2.901,342.9
1388,188.784,2.902,30.6
1389,189.986,3.661,14.2
1390,189.442,3.705,317.7
1391,189.304,3.094,344.6
1392,189.940,3.069,340.7
1393,191.353,3.802,14.5
1394,190.739,3.446,341.0
1395,190.698,3.114,3.0
1396,191.348,3.116,22.4
1397,192.572,3.727,12.8
1398,191.929,3.413,352.4
1399,192.035,2.877,351.0
1400,192.610,3.021,27.8
1401,193.636,3.626,11.0
1402,193.008,3.169,10.8
1403,193.421,2.900,0.6
1404,194.030,3.193,12.5
1405,195.029,3.581,11.0
1406,194.393,3.436,46.8
1407,194.846,2.982,16.2
1408,195.390,3.065,23.9
1409,196.121,4.042,14.2
1410,195.776,3.438,18.4
1411,196.192,2.937,6.3
1412,196.605,3.095,21.8
1413,197.369,3.868,10.3
1414,196.831,3.493,3.3
1415,197.231,2.849,2.0
1416,197.872,3.136,358.4
1417,198.994,3.941,12.3
1418,198.559,3.697,359.4
1419,198.560,3.158,35.3
1420,199.263,3.183,357.1
1421,200.399,3.637,14.3
1422,199.889,3.526,327.2
1423,199.911,2.909,5.1
1424,200.320,3.098,351.1
1425,201.740,3.620,10.9
1426,201.294,4.020,342.3
1427,201.164,2.880,18.1
1428,201.441,3.213,0.6
1429,202.883,3.860,26.2
1430,202.476,3.463,349.8
1431,202.475,3.106,13.4
1432,202.892,3.099,335.3
1433,204.162,3.591,10.2
1434,203.686,3.596,348.0
1435,203.714,2.957,338.1
1436,204.319,3.044,17.3
1437,205.498,3.848,356.2
1438,205.184,3.525,2.9
1439,204.738,2.995,353.4
1440,205.689,3.280,21.6
1441,206.928,3.741,7.8
1442,206.198,3.359,5.0
1443,206.456,2.861,6.8
1444,206.934,3.148,17.7
1445,208.319,3.724,40.2
1446,207.509,3.578,20.4
1447,207.538,3.097,355.4
1448,208.250,3.093,23.2
1449,209.170,3.713,11.4
1450,208.758,3.422,17.3
1451,208.954,2.938,348.4
1452,209.442,2.951,335.0
1453,210.800,3.510,24.1
1454,210.280,3.720,14.4
1455,210.142,2.988,356.0
1456,210.622,3.064,345.6
1457,211.922,3.733,351.9
1458,211.387,3.532,346.4
1459,211.584,3.076,350.7
1460,212.055,3.115,354.4
1461,213.142,3.945,327.4
1462,212.777,3.383,17.4
1463,213.103,2.817,1.2
1464,213.427,3.122,23.1
1465,214.680,3.777,6.8
1466,214.089,3.649,339.0
1467,214.292,2.982,355.4
1468,214.503,3.179,0.2
1469,215.770,4.034,0.4
1470,215.102,3.457,340.1
1471,215.652,2.951,9.4
1472,216.069,3.350,345.5
1473,217.143,3.629,15.0
1474,216.274,3.427,345.3
1475,216.655,2.899,5.0
1476,217.539,3.144,6.9
1477,218.596,3.829,11.9
1478,217.810,3.684,340.6
1479,218.090,2.997,348.8
1480,218.787,3.246,350.5
1481,219.829,4.088,1.2
1482,219.357,3.547,5.0
1483,219.086,2.970,347.3
1484,219.738,3.055,3.4
1485,221.145,3.678,338.2
1486,220.468,3.419,7.8
1487,220.634,2.855,346.3
1488,221.078,3.065,25.3
1489,222.281,3.877,2.4
1490,221.862,3.695,29.3
1491,221.920,2.896,349.2
1492,222.458,3.087,345.8
1493,223.854,3.781,14.8
1494,223.278,3.484,335.0
1495,223.309,2.841,32.5
1496,223.656,3.127,357.1
1497,225.013,3.748,3.7
1498,224.327,3.388,354.6
1499,224.738,3.045,336.4
1500,225.340,3.138,1.5
1501,129.262,4.654,0.7
1502,129.144,4.351,0.6
1503,128.938,4.131,354.9
1504,129.674,4.544,338.5
1505,130.958,4.853,33.4
1506,130.306,4.834,352.5
1507,130.397,4.390,16.2
1508,130.949,4.304,18.2
1509,132.424,4.839,315.2
1510,131.472,4.667,17.1
1511,131.761,4.314,4.4
1512,132.295,4.267,16.7
1513,133.270,4.868,30.6
1514,132.815,4.878,45.3
1515,132.918,4.136,357.3
1516,133.570,4.517,355.9
1517,134.306,4.875,348.6
1518,134.032,4.608,32.2
1519,134.537,4.308,357.2
1520,134.880,4.503,349.7
1521,136.060,4.890,17.8
1522,135.498,5.105,13.5
1523,135.532,4.204,12.0
1524,136.111,4.581,4.5
1525,137.402,4.989,315.7
1526,136.544,4.832,7.7
1527,136.860,4.461,18.4
1528,137.543,4.375,3.2
1529,138.826,4.774,357.9
1530,137.997,4.792,39.8
1531,138.119,4.229,4.5
1532,138.598,4.575,346.1
1533,139.853,4.761,23.8
1534,139.314,5.017,329.7
1535,139.453,4.350,23.5
1536,140.154,4.298,20.0
1537,141.140,5.009,14.1
1538,140.510,4.599,23.0
1539,140.694,4.316,20.4
1540,141.302,4.467,338.2
1541,142.726,4.937,24.8
1542,141.854,4.892,53.0
1543,141.879,4.241,11.2
1544,142.415,4.374,342.4
1545,144.099,4.667,352.8
1546,143.255,4.709,317.9
1547,143.325,4.404,318.5
1548,143.785,4.235,346.9
1549,145.200,4.937,17.3
1550,144.579,4.828,337.5
1551,144.733,4.214,358.8
1552,145.046,4.355,350.0
1553,146.673,4.914,358.0
1554,145.743,4.916,53.3
1555,146.109,4.312,344.8
1556,146.560,4.151,16.3
1557,147.780,4.977,26.1
1558,146.862,4.638,351.6
1559,147.269,4.382,351.8
1560,147.856,4.342,28.9
1561,149.147,5.076,311.0
1562,148.351,4.884,27.4
1563,148.427,4.299,23.6
1564,148.949,4.659,340.7
1565,150.240,4.639,349.2
1566,149.693,4.966,343.8
1567,150.014,4.289,355.8
1568,150.509,4.423,350.5
1569,151.562,4.857,27.1
1570,150.800,4.799,339.8
1571,151.226,4.121,7.3
1572,151.852,4.459,359.1
1573,153.114,4.811,6.2
1574,152.210,4.880,16.0
1575,152.430,4.518,1.9
1576,152.952,4.299,2.6
1577,154.019,5.161,359.3
1578,153.676,4.723,0.7
1579,153.539,4.138,2.1
1580,154.231,4.501,355.0
1581,155.423,4.747,309.8
1582,154.614,4.986,60.3
1583,154.936,4.281,22.2
1584,155.546,4.309,336.1
1585,156.902,4.944,29.6
1586,156.082,4.790,58.4
1587,156.516,4.301,353.4
1588,157.093,4.466,338.0
1589,158.220,5.073,31.7
1590,157.565,4.855,336.2
1591,157.704,4.197,15.9
1592,158.143,4.423,347.0
1593,159.249,5.211,12.5
1594,158.773,4.785,0.6
1595,158.933,4.169,11.5
1596,159.475,4.421,344.3
1597,160.728,4.917,15.9
1598,159.983,4.634,2.1
1599,160.238,4.175,10.1
1600,160.540,4.433,358.9
1601,162.268,5.073,37.5
1602,161.244,4.688,25.5
1603,161.736,4.407,12.7
1604,162.073,4.306,20.6
1605,163.423,4.762,6.0
1606,162.549,5.038,319.9
1607,162.752,4.235,345.1
1608,163.401,4.296,346.0
1609,164.591,5.190,3.4
1610,164.011,4.555,30.8
1611,163.955,4.408,338.1
1612,164.836,4.504,1.8
1613,165.576,4.971,0.2
1614,165.302,4.735,6.7
1615,165.397,4.394,28.9
1616,165.898,4.296,356.3
1617,167.244,4.992,23.7
1618,166.570,4.634,5.4
1619,166.942,4.187,12.0
1620,167.101,4.442,5.2
1621,168.452,4.862,14.8
1622,167.631,4.814,40.3
1623,168.096,4.099,350.0
1624,168.714,4.564,356.1
1625,170.130,5.096,293.0
1626,169.093,4.848,334.5
1627,169.098,4.218,359.4
1628,169.698,4.387,281.8
1629,170.841,5.110,358.3
1630,170.223,4.726,358.9
1631,170.463,4.206,345.6
1632,171.241,4.359,334.4
1633,172.045,5.028,355.4
1634,171.510,4.760,356.0
1635,171.929,4.427,25.6
1636,172.514,4.342,354.3
1637,173.669,4.866,20.7
1638,173.206,4.615,6.2
1639,173.136,4.131,1.4
1640,173.794,4.422,350.9
1641,175.052,4.963,17.1
1642,174.388,4.843,333.7
1643,174.619,4.191,16.5
1644,175.121,4.518,3.0
1645,176.264,5.033,17.9
1646,175.539,4.772,358.6
1647,175.852,4.314,16.7
1648,176.520,4.467,347.8
1649,177.704,5.165,353.9
1650,177.063,4.677,27.5
1651,177.084,4.163,357.4
1652,177.682,4.485,344.2
1653,178.813,4.857,0.9
1654,178.306,4.632,19.5
1655,178.292,4.166,19.4
1656,179.004,4.308,333.6
1657,180.271,4.994,12.9
1658,179.364,5.179,4.2
1659,179.746,4.297,2.6
1660,180.247,4.494,343.5
1661,181.454,4.715,9.0
1662,180.781,4.873,315.8
1663,180.794,4.128,358.8
1664,181.820,4.382,15.0
1665,183.147,5.254,5.7
1666,182.314,4.729,18.4
1667,182.084,4.592,35.9
1668,182.839,4.639,33.8
1669,183.820,4.993,40.5
1670,183.489,4.764,9.6
1671,183.588,4.251,9.4
1672,184.186,4.324,342.1
1673,185.415,4.778,321.9
1674,184.614,4.847,24.7
1675,185.004,4.661,338.2
1676,185.180,4.341,345.8
1677,186.876,4.914,19.0
1678,185.781,5.031,348.9
1679,186.326,4.455,333.4
1680,186.677,4.269,349.0
1681,188.140,5.185,1.7
1682,187.209,4.614,11.7
1683,187.706,4.408,11.4
1684,188.062,4.166,13.4
1685,189.354,5.161,2.5
1686,188.651,4.774,10.6
1687,188.422,4.231,7.9
1688,189.253,4.452,322.1
1689,190.746,4.999,12.2
1690,189.861,4.810,60.8
1691,189.926,4.314,26.4
1692,190.477,4.256,352.6
1693,192.093,5.047,325.4
1694,191.090,4.740,2.4
1695,191.428,4.440,0.1
1696,191.951,4.273,341.3
1697,193.339,4.683,334.2
1698,192.684,4.695,357.9
1699,192.474,4.384,331.3
1700,193.137,4.367,354.1
1701,194.517,4.829,290.9
1702,193.866,4.856,348.4
1703,193.997,4.332,17.4
1704,194.406,4.117,356.3
1705,195.585,5.125,0.4
1706,194.976,4.742,12.5
1707,195.369,4.381,13.2
1708,195.917,4.551,352.7
1709,197.012,5.212,84.9
1710,196.463,4.768,0.2
1711,196.641,4.251,357.1
1712,197.144,4.437,348.7
1713,198.118,5.189,13.8
1714,197.632,4.652,13.7
1715,197.921,4.204,15.6
1716,198.440,4.356,345.9
1717,199.798,5.132,355.6
1718,199.070,4.819,5.2
1719,199.080,4.388,343.0
1720,199.616,4.562,4.5
1721,201.016,4.934,11.3
1722,200.386,4.808,54.8
1723,200.397,4.245,25.1
1724,200.905,4.359,5.9
1725,202.224,5.162,359.4
1726,201.529,4.665,359.5
1727,201.962,4.156,358.2
1728,202.603,4.710,342.5
1729,203.697,5.079,319.0
1730,202.785,5.060,324.8
1731,203.123,4.426,356.7
1732,203.677,4.193,336.3
1733,204.811,4.974,16.0
1734,204.243,4.650,5.6
1735,204.406,4.184,2.1
1736,204.901,4.474,355.9
1737,206.326,4.965,19.6
1738,205.510,4.758,52.9
1739,205.869,4.076,352.5
1740,206.237,4.639,24.1
1741,207.626,5.088,18.2
1742,206.720,4.585,23.2
1743,207.045,4.470,16.0
1744,207.567,4.345,332.5
1745,208.908,5.159,316.5
1746,208.124,4.837,1.6
1747,208.314,4.531,1.5
1748,208.845,4.251,2.3
1749,210.073,4.629,325.6
1750,209.443,4.814,14.4
1751,209.577,4.323,326.0
1752,210.209,4.329,27.0
1753,211.401,4.912,31.2
1754,210.503,4.987,340.0
1755,210.903,4.337,26.0
1756,211.584,4.335,24.5
1757,212.826,4.786,31.2
1758,211.979,5.026,25.7
1759,211.939,4.581,35.5
1760,212.731,4.294,18.3
1761,214.114,5.316,330.1
1762,213.269,4.712,23.0
1763,213.261,4.162,12.4
1764,213.889,4.391,341.5
1765,215.424,5.147,0.2
1766,214.387,4.770,6.0
1767,214.651,4.178,11.6
1768,215.125,4.472,0.8
1769,216.590,4.826,326.7
1770,215.743,4.824,59.6
1771,216.066,4.623,355.8
1772,216.614,4.254,345.7
1773,217.960,4.871,20.2
1774,217.060,4.870,5.2
1775,217.287,4.371,2.0
1776,217.737,4.269,356.1
1777,218.928,5.306,268.4
1778,218.490,4.918,336.5
1779,218.494,4.399,341.6
1780,219.115,4.540,2.5
1781,220.297,4.750,28.3
1782,219.630,4.757,349.1
1783,220.000,4.255,0.3
1784,220.592,4.407,354.9
1785,221.437,5.249,338.8
1786,221.118,4.678,9.6
1787,221.023,4.107,7.2
1788,221.787,4.436,337.5
1789,223.176,4.978,31.2
1790,222.526,4.532,12.8
1791,222.380,4.225,18.0
1792,223.036,4.299,337.8
1793,224.383,5.041,19.3
1794,223.746,4.836,335.8
1795,223.878,4.403,359.8
1796,224.247,4.376,340.4
1797,225.612,4.452,355.4
1798,225.128,4.668,5.5
1799,225.432,4.317,353.4
1800,225.649,4.115,353.4
1801,29.989,-6.118,27.3
1802,29.631,-5.965,13.2
1803,29.927,-6.460,6.8
1804,30.531,-6.479,49.9
1805,31.252,-6.044,353.0
1806,30.542,-6.007,37.2
1807,31.068,-6.740,353.0
1808,31.813,-6.497,351.7
1809,32.537,-6.014,354.5
1810,32.186,-5.806,1.8
1811,32.270,-6.383,348.6
1812,32.857,-6.458,336.7
1813,34.111,-5.982,27.2
1814,33.560,-6.089,327.8
1815,33.918,-6.660,359.2
1816,34.124,-6.405,4.5
1817,35.238,-6.016,347.7
1818,34.619,-6.110,5.0
1819,35.349,-6.658,349.6
1820,35.709,-6.417,349.3
1821,36.694,-5.831,359.8
1822,36.006,-6.183,2.5
1823,36.390,-6.845,0.7
1824,36.986,-6.470,348.8
1825,38.147,-6.298,15.2
1826,37.441,-5.917,23.4
1827,37.503,-6.310,11.4
1828,37.909,-6.770,12.3
1829,39.250,-5.902,347.4
1830,38.882,-6.129,346.8
1831,39.054,-6.023,346.9
1832,39.387,-6.438,350.6
1833,29.457,-4.603,15.4
1834,29.131,-4.884,7.6
1835,28.981,-5.391,11.9
1836,29.333,-5.035,7.1
1837,30.920,-4.720,347.3
1838,30.337,-4.734,353.8
1839,30.040,-5.578,25.6
1840,30.854,-5.302,338.3
1841,31.899,-4.522,3.0
1842,31.487,-4.809,18.3
1843,31.447,-5.275,18.7
1844,32.325,-5.085,324.3
1845,33.466,-4.719,11.2
1846,32.822,-4.802,348.2
1847,32.905,-5.432,354.0
1848,33.334,-5.169,28.5
1849,34.756,-4.603,14.2
1850,34.421,-4.740,358.6
1851,34.183,-5.252,9.4
1852,34.841,-5.301,33.6
1853,35.836,-4.568,11.7
1854,35.452,-4.884,9.9
1855,35.654,-5.513,354.8
1856,36.211,-5.150,357.4
1857,37.351,-4.904,7.3
1858,36.957,-4.682,357.5
1859,36.954,-5.323,25.8
1860,37.603,-5.244,11.2
1861,38.825,-4.681,4.5
1862,38.203,-4.774,333.3
1863,38.562,-5.346,2.4
1864,38.950,-5.577,336.6
1865,30.038,-3.396,15.5
1866,29.138,-3.589,330.5
1867,29.655,-4.228,16.5
1868,29.975,-3.916,19.7
1869,31.218,-3.448,5.2
1870,30.594,-3.617,357.3
1871,30.779,-4.205,7.1
1872,31.616,-4.053,333.8
1873,32.962,-3.444,5.4
1874,32.400,-3.616,359.0
1875,32.311,-4.041,348.0
1876,33.018,-4.121,22.9
1877,34.233,-3.539,8.4
1878,33.522,-3.643,28.2
1879,33.653,-4.292,18.0
1880,34.084,-4.053,5.1
1881,35.334,-3.328,352.2
1882,34.724,-3.531,2.3
1883,35.002,-4.083,11.7
1884,35.746,-4.058,26.4
1885,36.645,-3.434,11.9
1886,36.172,-3.627,12.0
1887,36.388,-4.140,11.5
1888,36.967,-3.928,18.2
1889,37.926,-3.464,4.1
1890,37.338,-3.621,6.7
1891,37.715,-4.175,10.0
1892,38.344,-4.078,332.2
1893,39.324,-3.594,355.5
1894,38.948,-3.612,7.6
1895,39.079,-4.087,330.1
1896,39.538,-4.175,355.7
1897,29.128,-2.351,345.2
1898,28.917,-2.609,348.8
1899,29.142,-2.995,347.3
1900,29.484,-2.779,10.4
1901,30.911,-2.192,332.3
1902,30.378,-2.322,346.2
1903,30.473,-2.977,348.3
1904,30.930,-2.915,9.9
1905,32.024,-2.306,4.0
1906,31.420,-2.645,9.6
1907,31.738,-3.230,24.6
1908,32.193,-2.920,4.3
1909,33.195,-2.293,5.8
1910,32.847,-2.410,25.2
1911,32.809,-2.976,29.3
1912,33.571,-2.917,6.5
1913,34.491,-2.305,2.9
1914,34.189,-2.424,2.7
1915,34.372,-2.968,20.7
1916,34.853,-2.916,15.2
1917,36.114,-2.280,21.9
1918,35.617,-2.483,356.1
1919,35.822,-3.099,9.1
1920,35.950,-2.882,5.6
1921,37.384,-2.289,5.8
1922,36.872,-2.458,20.1
1923,37.241,-3.008,6.8
1924,37.794,-2.668,341.1
1925,38.872,-2.279,350.5
1926,38.347,-2.481,357.4
1927,38.599,-3.040,12.7
1928,39.278,-2.927,339.5
1929,29.701,-1.257,359.3
1930,29.425,-1.582,11.3
1931,29.507,-2.097,24.6
1932,29.900,-1.553,348.5
1933,31.473,-1.255,354.8
1934,30.915,-1.437,1.2
1935,31.109,-1.843,354.8
1936,31.693,-1.855,24.8
1937,32.939,-1.282,350.9
1938,32.178,-1.287,27.5
1939,32.469,-1.892,347.7
1940,33.073,-1.663,9.7
1941,34.279,-1.214,13.0
1942,33.642,-1.075,341.6
1943,33.736,-1.783,11.1
1944,34.234,-1.800,16.2
1945,35.513,-1.263,4.1
1946,34.927,-1.339,338.2
1947,34.848,-1.832,7.0
1948,35.470,-1.817,25.9
1949,37.066,-1.218,339.4
1950,36.425,-1.362,1.3
1951,36.137,-1.929,1.2
1952,37.021,-1.809,337.4
1953,38.230,-1.130,327.1
1954,37.793,-1.274,345.9
1955,37.599,-1.857,359.5
1956,38.245,-1.797,347.1
1957,39.460,-1.291,331.8
1958,38.959,-1.269,339.0
1959,39.398,-1.932,333.6
1960,39.865,-1.740,350.6
1961,330.724,-0.393,29.5
1962,330.574,-0.346,355.1
1963,330.798,-0.542,355.4
1964,331.145,-0.513,17.7
1965,332.273,-0.169,355.6
1966,331.877,-0.458,339.6
1967,331.935,-1.290,44.8
1968,332.395,-0.849,341.6
1969,333.521,-0.482,4.7
1970,332.985,-0.328,13.8
1971,332.921,-1.049,17.1
1972,333.788,-0.683,4.8
1973,334.824,-0.278,10.1
1974,334.410,-0.509,315.1
1975,334.271,-1.078,315.1
1976,335.357,-0.909,359.5
1977,336.095,-0.522,355.3
1978,335.885,-0.386,1.1
1979,335.485,-0.733,359.5
1980,336.531,-0.952,11.1
1981,337.557,-0.423,336.1
1982,337.052,-0.552,45.4
1983,337.091,-1.211,356.2
1984,337.796,-0.738,339.8
1985,339.079,-0.675,15.8
1986,338.334,-0.409,32.8
1987,338.462,-1.156,12.6
1988,338.988,-0.802,337.3
1989,340.325,-0.408,352.5
1990,339.769,-0.712,32.8
1991,339.350,-1.234,0.3
1992,340.369,-0.968,342.6
1993,341.449,-0.281,1.8
1994,340.710,-0.654,5.8
1995,340.979,-1.011,4.7
1996,341.708,-0.790,2.5
1997,342.790,-0.430,7.1
1998,342.197,-0.473,13.3
1999,342.163,-1.010,15.5
2000,342.774,-1.064,35.9
2001,343.920,-0.455,7.2
2002,343.382,-0.516,13.1
2003,343.481,-1.103,25.7
2004,344.199,-0.628,15.1
2005,345.519,-0.569,34.4
2006,344.820,-0.612,25.9
2007,344.734,-1.142,349.2
2008,345.384,-0.914,333.1
2009,346.607,-0.236,339.1
2010,346.072,-0.383,345.3
2011,346.180,-0.655,345.8
2012,346.912,-0.846,14.6
2013,347.796,-0.397,21.0
2014,347.425,-0.350,21.7
2015,347.457,-1.089,35.5
2016,348.326,-0.741,348.6
2017,349.086,-0.394,346.0
2018,348.888,-0.517,347.6
2019,348.493,-1.014,354.1
2020,349.507,-0.991,334.7
2021,350.492,-0.605,15.4
2022,350.160,-0.341,6.5
2023,349.981,-1.048,12.9
2024,350.796,-0.681,12.6
2025,351.617,-0.292,346.1
2026,351.266,-0.506,344.5
2027,351.839,-0.828,355.5
2028,352.181,-0.788,14.1
2029,353.110,-0.473,10.7
2030,352.525,-0.765,341.8
2031,352.856,-1.196,357.5
2032,353.534,-0.798,355.4
2033,354.114,-0.196,2.0
2034,354.087,-0.610,354.4
2035,354.446,-1.277,358.2
2036,354.739,-0.444,349.3
2037,355.874,-0.629,5.6
2038,355.447,-0.326,350.9
2039,355.262,-1.170,40.5
2040,355.964,-1.036,348.5
2041,357.053,-0.213,4.1
2042,356.639,-0.534,341.9
2043,356.502,-0.894,357.0
2044,357.253,-0.726,3.3
2045,358.288,-0.532,354.6
2046,357.955,-0.312,358.5
2047,357.806,-1.134,25.0
2048,358.561,-0.844,359.3
2049,359.504,-0.427,5.0
2050,359.119,-0.437,334.3
2051,359.007,-1.140,21.5
2052,0.087,-0.729,356.7
2053,1.037,-0.422,355.7
2054,0.647,-0.523,10.0
2055,0.435,-1.016,8.4
2056,1.287,-1.069,46.7
2057,2.287,-0.236,354.0
2058,1.604,-0.604,2.0
2059,1.994,-1.255,6.5
2060,2.492,-0.825,0.5
2061,3.796,-0.672,24.8
2062,2.938,-0.461,24.0
2063,3.022,-1.145,337.4
2064,3.626,-0.857,336.2
2065,5.126,-0.454,293.3
2066,4.448,-0.485,339.5
2067,4.220,-1.049,23.7
2068,5.048,-1.087,16.1
2069,6.159,-0.129,357.8
2070,5.590,-0.604,328.2
2071,5.834,-1.286,18.7
2072,6.364,-0.653,356.8
2073,7.193,-0.402,5.4
2074,6.636,-0.856,354.0
2075,7.001,-1.172,1.6
2076,7.680,-0.616,15.2
2077,8.712,-0.526,15.5
2078,8.200,-0.355,20.5
2079,8.146,-1.072,340.1
2080,8.929,-0.878,4.4
2081,9.763,-0.343,15.5
2082,9.465,-0.606,10.2
2083,9.454,-1.131,33.1
2084,10.413,-0.647,4.1
2085,11.335,-0.162,359.8
2086,10.879,-0.416,355.6
2087,10.926,-1.303,346.4
2088,11.516,-0.752,2.3
2089,12.543,-0.491,350.6
2090,12.005,-0.468,21.0
2091,11.971,-1.042,21.1
2092,12.823,-0.955,326.9
2093,13.931,-0.489,13.6
2094,13.130,-0.361,10.0
2095,13.430,-1.036,10.2
2096,13.978,-0.925,342.6
2097,15.306,-0.352,346.2
2098,14.556,-0.839,345.1
2099,14.362,-1.241,0.8
2100,15.467,-0.743,5.8
2101,16.353,-0.430,343.2
2102,15.889,-0.366,14.8
2103,15.863,-0.982,20.8
2104,16.704,-0.955,324.4
2105,17.638,-0.254,2.9
2106,17.413,-0.519,355.1
2107,17.278,-0.972,19.0
2108,17.952,-0.753,0.6
2109,19.061,-0.247,1.0
2110,18.642,-0.440,350.3
2111,18.825,-1.129,28.8
2112,19.176,-0.657,31.0
2113,20.407,-0.298,3.2
2114,19.782,-0.659,6.6
2115,20.239,-1.269,10.2
2116,20.629,-0.858,352.2
2117,21.789,-0.446,10.9
2118,21.072,-0.578,324.5
2119,21.359,-1.227,3.4
2120,21.999,-1.022,54.6
2121,23.087,-0.194,1.8
2122,22.520,-0.438,348.0
2123,22.816,-0.765,339.0
2124,23.353,-0.766,2.0
2125,24.348,-0.409,3.3
2126,23.679,-0.627,321.3
2127,23.750,-1.368,338.4
2128,24.524,-0.726,32.0
2129,25.586,-0.194,359.2
2130,24.932,-0.343,347.8
2131,25.114,-0.934,17.5
2132,25.824,-0.653,359.8
2133,26.982,-0.218,15.2
2134,26.461,-0.444,359.2
2135,26.003,-1.248,269.0
2136,26.935,-0.697,21.1
2137,28.113,-0.176,8.5
2138,27.531,-0.613,13.3
2139,27.586,-0.913,5.4
2140,28.263,-0.729,56.0
2141,29.277,-0.151,5.8
2142,28.792,-0.445,23.8
2143,28.784,-1.156,18.7
2144,29.674,-0.845,339.5
2145,30.723,0.006,12.8
2146,30.305,-0.287,4.1
2147,30.247,-0.816,3.8
2148,30.859,-0.534,45.9
2149,32.058,-0.072,1.7
2150,31.548,-0.264,20.6
2151,31.513,-0.776,15.2
2152,32.155,-0.500,333.8
2153,33.378,-0.046,353.4
2154,33.147,-0.304,357.5
2155,32.762,-0.715,5.5
2156,33.471,-0.694,342.4
2157,34.757,0.002,352.2
2158,34.161,-0.220,17.7
2159,34.417,-0.708,348.5
2160,34.920,-0.569,2.0
2161,35.945,-0.198,8.5
2162,35.557,-0.096,17.1
2163,35.723,-0.992,16.8
2164,36.213,-0.652,2.7
2165,37.271,-0.119,18.7
2166,36.719,-0.253,20.5
2167,36.776,-0.776,352.4
2168,37.531,-0.550,353.7
2169,38.849,-0.010,355.7
2170,38.183,-0.282,41.5
2171,38.699,-0.733,6.2
2172,39.075,-0.461,29.4
2173,331.354,1.008,360.0
2174,330.833,0.928,355.1
2175,331.192,0.045,6.6
2176,331.883,0.420,329.8
2177,333.153,0.951,348.7
2178,332.573,0.824,358.3
2179,332.584,0.370,332.3
2180,333.270,0.411,10.9
2181,334.586,1.088,0.8
2182,333.857,0.977,347.6
2183,334.056,-0.048,1.6
2184,334.396,0.397,12.0
2185,335.836,0.801,18.8
2186,335.124,0.882,16.9
2187,334.973,0.342,17.1
2188,335.729,0.194,352.4
2189,337.082,0.985,30.5
2190,336.480,0.728,349.5
2191,336.320,0.306,18.2
2192,337.116,0.351,303.7
2193,338.118,0.864,10.6
2194,337.647,0.714,340.6
2195,337.720,-0.006,353.7
2196,338.526,0.421,25.6
2197,339.603,0.956,2.0
2198,339.120,0.794,358.5
2199,338.883,0.364,16.9
2200,339.385,0.219,312.7
2201,340.827,0.835,1.0
2202,340.290,0.783,30.0
2203,340.158,0.255,347.8
2204,340.902,0.429,351.3
2205,342.219,0.767,329.0
2206,341.701,0.936,350.9
2207,341.531,0.379,35.7
2208,342.090,0.175,330.0
2209,343.451,0.830,17.5
2210,342.972,0.934,353.3
2211,342.949,0.298,14.8
2212,343.486,0.158,27.5
2213,344.591,0.952,5.9
2214,344.111,0.691,5.0
2215,344.389,0.007,6.9
2216,344.897,0.576,18.9
2217,346.061,0.969,351.8
2218,345.426,0.620,21.2
2219,345.721,0.169,19.7
2220,346.217,0.565,331.3
2221,347.480,1.006,0.6
2222,346.818,0.919,330.4
2223,347.159,-0.115,20.4
2224,347.640,0.494,22.8
2225,348.615,0.943,12.2
2226,348.060,1.023,25.0
2227,348.109,0.417,17.1
2228,348.812,0.305,329.0
2229,349.822,0.936,7.0
2230,349.313,0.672,47.7
2231,349.484,0.131,10.1
2232,350.105,0.542,303.7
2233,351.214,0.904,18.2
2234,350.871,0.890,329.2
2235,350.800,0.135,17.7
2236,351.297,0.514,339.7
2237,352.568,0.963,354.9
2238,352.045,0.686,340.5
2239,352.337,-0.174,27.0
2240,352.688,0.524,16.8
2241,353.851,0.910,351.7
2242,353.185,0.706,38.1
2243,353.440,0.188,30.9
2244,354.002,0.443,342.2
2245,355.404,0.983,339.8
2246,354.725,0.886,342.8
2247,354.521,0.137,22.8
2248,355.206,0.171,20.1
2249,356.219,0.898,37.7
2250,355.733,0.754,41.8
2251,355.863,0.240,33.3
2252,356.698,0.657,339.4
2253,357.532,0.907,349.8
2254,357.109,0.868,9.2
2255,357.295,0.320,9.4
2256,357.754,0.257,354.8
2257,358.914,1.014,7.4
2258,358.466,0.716,5.1
2259,358.790,0.096,7.9
2260,359.244,0.458,336.2
2261,0.279,1.017,10.0
2262,359.809,0.519,344.3
2263,359.898,-0.055,358.0
2264,0.363,0.580,359.2
2265,1.491,0.964,356.7
2266,0.931,0.786,359.3
2267,1.258,0.078,356.9
2268,1.706,0.409,2.9
2269,2.856,0.804,0.1
2270,2.336,0.791,20.3
2271,2.644,0.252,355.4
2272,3.130,0.344,23.6
2273,4.117,1.061,8.3
2274,3.581,0.662,11.9
2275,3.970,0.083,16.1
2276,4.387,0.568,8.7
2277,5.651,1.042,8.3
2278,4.917,0.816,344.8
2279,5.094,0.041,2.6
2280,5.476,0.332,17.3
2281,6.850,0.924,27.9
2282,6.162,0.843,28.7
2283,6.552,0.471,7.8
2284,6.848,0.291,3.7
2285,7.970,0.881,22.7
2286,7.390,0.873,353.6
2287,7.759,0.096,23.8
2288,8.474,0.478,352.5
2289,9.060,0.967,17.4
2290,8.730,0.816,330.6
2291,9.085,0.165,5.9
2292,9.739,0.643,341.2
2293,10.547,0.919,335.3
2294,10.214,0.955,355.3
2295,10.125,-0.034,5.5
2296,10.665,0.287,358.3
2297,12.059,0.837,337.8
2298,11.313,0.913,336.6
2299,11.582,0.470,0.4
2300,12.077,0.256,337.8
2301,13.494,0.870,4.3
2302,12.802,0.728,322.1
2303,12.926,0.195,354.7
2304,13.475,0.466,21.8
2305,14.687,0.874,26.7
2306,14.118,0.659,348.4
2307,14.263,0.253,13.5
2308,14.754,0.232,17.1
2309,15.786,0.991,8.0
2310,15.325,0.753,339.3
2311,15.406,0.217,55.0
2312,16.210,0.450,31.2
2313,17.466,1.001,358.6
2314,16.769,0.740,354.3
2315,16.923,0.151,1.4
2316,17.259,0.516,354.1
2317,18.568,0.989,15.5
2318,17.991,0.850,344.9
2319,18.134,0.331,355.6
2320,18.747,0.434,45.1
2321,19.787,1.069,2.5
2322,19.279,0.817,1.1
2323,19.362,-0.035,350.8
2324,20.002,0.388,1.9
2325,21.116,0.987,16.9
2326,20.512,0.660,2.6
2327,20.753,0.227,25.3
2328,21.143,0.223,31.5
2329,22.344,1.035,8.9
2330,21.857,0.765,356.8
2331,21.949,0.206,9.8
2332,22.386,0.080,341.2
2333,23.598,0.857,358.6
2334,23.347,0.975,3.5
2335,23.122,0.514,2.0
2336,23.762,0.298,354.5
2337,25.017,1.144,14.5
2338,24.412,0.793,9.5
2339,24.571,0.195,48.6
2340,25.092,0.506,41.2
2341,26.316,1.137,18.5
2342,25.840,0.884,347.9
2343,25.941,0.346,9.7
2344,26.245,0.106,6.6
2345,27.766,0.829,0.1
2346,27.160,0.906,21.2
2347,27.083,0.125,21.3
2348,27.572,0.490,4.4
2349,28.897,1.156,354.2
2350,28.355,0.925,348.3
2351,28.681,0.085,18.9
2352,29.122,0.407,16.6
2353,30.315,0.927,15.0
2354,29.545,0.843,30.2
2355,29.761,0.311,22.9
2356,30.303,0.496,29.4
2357,31.483,1.115,11.8
2358,31.026,1.000,340.7
2359,30.936,0.367,3.5
2360,31.921,0.478,358.1
2361,32.845,1.150,15.5
2362,32.269,0.950,1.5
2363,32.474,0.327,15.0
2364,32.974,0.668,3.6
2365,34.079,1.155,354.9
2366,33.548,0.921,10.7
2367,33.723,0.347,9.1
2368,34.291,0.600,8.7
2369,35.477,1.103,18.6
2370,34.867,1.090,336.0
2371,35.142,0.250,15.7
2372,35.410,0.491,1.2
2373,36.698,1.053,7.6
2374,36.122,0.988,347.7
2375,36.511,0.349,4.1
2376,37.077,0.596,348.4
2377,38.063,1.087,16.5
2378,37.602,0.959,34.1
2379,37.679,0.274,19.2
2380,38.206,0.604,1.6
2381,39.432,1.205,12.3
2382,38.838,0.907,324.9
2383,39.296,0.197,355.9
2384,39.388,0.601,14.6
2385,330.879,1.987,341.8
2386,330.444,2.041,5.5
2387,330.643,1.443,357.6
2388,331.169,1.548,358.0
2389,332.446,2.140,334.3
2390,331.949,2.033,350.3
2391,331.798,1.288,10.5
2392,332.522,1.605,346.9
2393,333.640,2.252,13.4
2394,333.036,2.100,337.4
2395,333.269,1.477,22.2
2396,333.887,1.473,341.2
2397,334.963,2.196,8.9
2398,334.355,1.974,342.8
2399,334.576,1.487,347.6
2400,335.277,1.634,4.7
2401,336.385,2.101,22.0
2402,335.840,2.061,359.7
2403,335.956,1.420,352.8
2404,336.333,1.489,11.1
2405,337.607,2.085,345.5
2406,337.053,1.893,351.5
2407,337.273,1.290,31.4
2408,337.738,1.393,332.4
2409,338.952,2.060,24.1
2410,338.342,2.076,6.4
2411,338.542,1.484,357.3
2412,339.083,1.665,54.3
2413,340.192,2.276,345.1
2414,339.717,2.014,4.6
2415,339.687,1.549,15.6
2416,340.367,1.532,21.8
2417,341.513,2.136,15.8
2418,340.879,2.081,24.4
2419,341.089,1.428,28.5
2420,341.398,1.554,9.5
2421,342.675,2.106,352.1
2422,342.119,1.978,353.3
2423,342.291,1.526,7.9
2424,342.758,1.350,350.9
2425,343.901,2.236,359.7
2426,343.441,1.919,15.7
2427,343.613,1.330,339.9
2428,344.249,1.555,31.0
2429,345.235,2.152,3.5
2430,344.846,1.938,354.6
2431,345.069,1.241,6.2
2432,345.600,1.739,13.0
2433,346.591,2.223,14.8
2434,346.007,2.279,338.2
2435,346.331,1.305,18.1
2436,346.779,1.512,350.0
2437,347.839,2.313,10.3
2438,347.274,2.010,11.5
2439,347.710,1.361,11.4
2440,348.108,1.659,0.7
2441,349.275,2.192,345.6
2442,348.787,2.004,359.9
2443,349.158,1.558,8.2
2444,349.452,1.425,8.7
2445,350.465,2.388,4.2
2446,350.011,1.913,7.5
2447,350.388,1.329,8.2
2448,350.748,1.775,12.5
2449,351.840,2.308,17.2
2450,351.434,2.055,346.5
2451,351.529,1.264,8.9
2452,352.081,1.752,358.1
2453,353.061,2.226,353.8
2454,352.504,2.047,353.6
2455,352.746,1.168,3.9
2456,353.232,1.561,359.9
2457,354.352,2.214,25.9
2458,353.958,2.013,351.5
2459,354.205,1.417,7.8
2460,354.570,1.454,346.4
2461,355.817,2.280,1.7
2462,355.240,2.072,0.6
2463,355.286,1.459,335.9
2464,355.856,1.500,340.8
2465,357.025,2.201,14.7
2466,356.498,2.005,4.3
2467,356.792,1.389,12.1
2468,357.242,1.650,7.9
2469,358.372,2.143,26.1
2470,357.743,2.088,20.2
2471,358.234,1.397,2.3
2472,358.517,1.651,10.0
2473,359.929,2.022,12.5
2474,359.235,2.085,10.4
2475,358.987,1.296,16.0
2476,359.694,1.615,356.0
2477,1.071,1.953,12.2
2478,0.422,2.055,18.4
2479,0.517,1.471,30.1
2480,1.213,1.507,19.3
2481,2.508,2.033,11.1
2482,1.880,2.136,357.9
2483,1.776,1.499,19.2
2484,2.345,1.450,20.8
2485,3.696,2.022,12.7
2486,3.073,2.180,337.6
2487,3.118,1.354,356.4
2488,3.575,1.697,17.7
2489,4.874,2.297,4.7
2490,4.378,2.155,343.1
2491,4.400,1.495,29.7
2492,4.937,1.347,324.2
2493,6.073,2.212,359.3
2494,5.758,2.086,0.2
2495,5.533,1.567,357.7
2496,6.246,1.694,355.4
2497,7.804,2.122,6.4
2498,6.831,2.114,23.6
2499,7.237,1.394,356.7
2500,7.544,1.682,20.9
2501,8.914,2.119,21.9
2502,8.289,2.276,340.4
2503,8.360,1.500,357.0
2504,8.808,1.509,344.2
2505,9.990,2.205,9.7
2506,9.496,2.067,344.4
2507,9.626,1.634,360.0
2508,10.273,1.548,11.1
2509,11.300,2.044,4.0
2510,10.660,2.141,356.9
2511,10.960,1.397,355.1
2512,11.619,1.661,13.4
2513,12.714,1.972,35.9
2514,12.148,2.103,325.3
2515,12.044,1.416,342.8
2516,12.805,1.556,6.0
2517,13.986,2.076,10.4
2518,13.393,2.100,22.1
2519,13.362,1.440,12.3
2520,13.939,1.232,9.8
2521,15.030,2.200,344.3
2522,14.502,1.994,17.3
2523,15.079,1.570,359.7
2524,15.391,1.454,342.2
2525,16.703,2.248,11.4
2526,16.048,2.059,347.1
2527,16.176,1.730,340.5
2528,16.482,1.325,346.1
2529,17.831,2.181,357.9
2530,17.384,2.125,24.8
2531,17.220,1.586,345.7
2532,17.961,1.623,351.1
2533,19.253,2.157,15.9
2534,18.641,2.129,22.7
2535,18.691,1.360,10.7
2536,19.178,1.616,352.2
2537,20.463,2.068,26.8
2538,19.914,2.007,25.6
2539,20.299,1.314,358.9
2540,20.715,1.652,3.3
2541,21.698,2.226,4.1
2542,21.136,2.013,15.4
2543,21.633,1.491,0.4
2544,21.993,1.584,17.8
2545,23.413,2.223,4.2
2546,22.324,2.026,6.4
2547,22.678,1.469,20.3
2548,23.043,1.526,354.8
2549,24.342,2.149,39.1
2550,23.801,2.036,1.1
2551,24.038,1.542,356.6
2552,24.566,1.596,22.0
2553,25.619,2.554,5.5
2554,25.147,2.161,350.8
2555,25.338,1.386,20.5
2556,25.757,1.549,350.7
2557,27.121,2.369,8.3
2558,26.605,2.069,3.3
2559,26.392,1.428,16.7
2560,26.876,1.622,346.7
2561,28.143,2.206,353.1
2562,27.719,2.091,20.2
2563,27.685,1.300,20.3
2564,28.296,1.497,348.5
2565,29.568,2.259,356.0
2566,29.039,2.055,25.9
2567,29.096,1.573,356.4
2568,29.673,1.691,353.2
2569,30.757,2.315,31.2
2570,30.169,2.105,13.2
2571,30.473,1.525,12.8
2572,30.920,1.580,339.3
2573,32.233,2.351,330.4
2574,31.682,2.128,347.3
2575,31.794,1.523,350.8
2576,32.399,1.713,20.3
2577,33.210,2.199,348.1
2578,32.848,2.336,334.9
2579,33.172,1.494,23.7
2580,33.693,1.861,8.9
2581,34.705,2.398,23.3
2582,34.335,2.233,356.0
2583,34.367,1.643,9.3
2584,34.867,1.631,343.9
2585,36.269,2.335,16.4
2586,35.662,2.137,338.3
2587,35.576,1.450,24.7
2588,36.024,1.654,359.8
2589,37.607,2.301,359.3
2590,37.035,2.096,4.8
2591,36.839,1.336,12.6
2592,37.428,1.659,353.8
2593,38.800,2.330,342.4
2594,38.190,2.101,18.3
2595,38.619,1.557,12.8
2596,38.997,1.628,10.2
2597,331.387,3.214,353.4
2598,331.051,3.359,8.5
2599,330.837,2.591,5.1
2600,331.595,2.796,340.7
2601,332.790,3.376,340.1
2602,332.444,3.239,349.0
2603,332.286,2.623,9.7
2604,332.985,2.645,340.4
2605,334.490,3.364,5.7
2606,333.836,3.340,334.9
2607,333.862,2.759,350.5
2608,334.247,2.704,6.0
2609,335.646,3.364,335.2
2610,334.965,3.157,21.6
2611,335.242,2.736,18.4
2612,335.684,2.567,1.4
2613,336.911,3.428,7.3
2614,336.308,3.196,7.4
2615,336.513,2.628,351.9
2616,337.086,2.839,350.8
2617,338.091,3.279,359.2
2618,337.665,3.106,30.6
2619,337.624,2.554,14.0
2620,338.333,2.530,353.4
2621,339.569,3.322,319.8
2622,338.840,3.185,20.5
2623,338.978,2.690,353.1
2624,339.651,2.945,49.4
2625,340.910,3.417,10.6
2626,340.314,3.234,47.9
2627,340.330,2.711,4.9
2628,340.974,2.631,20.9
2629,342.216,3.488,337.0
2630,341.511,3.240,15.9
2631,341.692,2.621,339.8
2632,342.317,2.827,26.5
2633,343.433,3.574,21.2
2634,342.829,3.154,8.1
2635,343.124,2.732,7.5
2636,343.509,2.577,15.1
2637,344.900,3.409,351.3
2638,344.294,3.346,342.3
2639,344.260,2.426,349.2
2640,344.618,2.834,355.7
2641,346.064,3.447,344.3
2642,345.327,3.229,328.6
2643,345.492,2.468,345.8
2644,346.177,2.810,16.3
2645,347.370,3.519,337.8
2646,346.703,3.367,344.0
2647,346.803,2.636,342.3
2648,347.567,2.794,10.1
2649,348.724,3.415,332.3
2650,348.041,3.168,34.8
2651,348.233,2.650,9.1
2652,348.824,2.850,11.4
2653,349.838,3.437,16.5
2654,349.305,3.339,336.6
2655,349.485,2.585,359.8
2656,350.111,2.851,9.2
2657,350.973,3.474,3.2
2658,350.549,3.311,10.1
2659,350.853,2.323,9.1
2660,351.219,2.710,351.1
2661,352.457,3.441,354.6
2662,351.993,3.161,349.2
2663,352.254,2.574,23.4
2664,352.905,2.714,344.6
2665,353.538,3.678,360.0
2666,353.304,3.242,25.1
2667,353.462,2.465,25.0
2668,353.834,2.732,347.3
2669,354.972,3.380,354.8
2670,354.625,3.128,358.8
2671,354.528,2.590,14.8
2672,355.155,2.694,343.8
2673,356.398,3.523,12.7
2674,355.903,3.207,307.1
2675,355.885,2.656,341.5
2676,356.477,2.779,32.5
2677,357.758,3.336,349.9
2678,357.219,3.215,350.4
2679,357.175,2.420,330.4
2680,357.908,2.747,14.7
2681,358.934,3.462,3.9
2682,358.381,3.346,348.0
2683,358.605,2.661,6.7
2684,359.220,2.952,18.7
2685,0.293,3.443,345.1
2686,359.668,3.283,18.5
2687,359.691,2.551,326.0
2688,0.495,2.783,18.7
2689,1.481,3.425,22.1
2690,1.140,3.209,1.2
2691,1.198,2.639,19.2
2692,1.807,2.588,356.5
2693,2.912,3.497,342.5
2694,2.273,3.270,22.1
2695,2.443,2.688,344.8
2696,2.995,2.852,13.5
2697,4.010,3.593,8.1
2698,3.556,3.291,7.7
2699,3.811,2.435,2.2
2700,4.323,2.761,4.4
2701,5.553,3.535,338.4
2702,4.978,3.269,34.0
2703,5.042,2.656,9.7
2704,5.545,2.854,347.2
2705,6.863,3.271,27.5
2706,6.295,3.562,337.4
2707,6.407,2.515,21.1
2708,6.792,2.888,27.3
2709,7.909,3.601,25.4
2710,7.669,3.248,329.4
2711,7.491,2.670,9.2
2712,8.129,2.866,349.2
2713,9.433,3.384,29.6
2714,8.787,3.358,3.4
2715,9.075,2.708,9.8
2716,9.407,2.737,351.6
2717,10.729,3.335,339.3
2718,10.066,3.335,11.5
2719,10.226,2.870,336.7
2720,10.939,2.721,22.5
2721,11.900,3.430,10.8
2722,11.409,3.169,30.6
2723,11.610,2.721,7.5
2724,12.289,2.891,336.7
2725,13.224,3.491,10.3
2726,12.683,3.268,14.3
2727,12.741,2.446,327.4
2728,13.562,2.671,336.5
2729,14.713,3.473,18.9
2730,13.937,3.297,16.5
2731,14.157,2.631,342.2
2732,14.684,2.795,19.3
2733,15.853,3.439,23.3
2734,15.392,3.214,354.3
2735,15.455,2.570,345.0
2736,15.907,2.635,338.8
2737,17.091,3.422,7.5
2738,16.667,3.198,35.6
2739,16.750,2.649,357.4
2740,17.316,2.847,353.5
2741,18.418,3.430,10.9
2742,18.138,3.277,9.9
2743,18.100,2.680,19.2
2744,18.761,2.773,14.2
2745,19.828,3.447,32.2
2746,19.166,3.352,22.6
2747,19.483,2.643,4.6
2748,19.871,2.897,10.2
2749,20.955,3.510,1.6
2750,20.532,3.303,17.8
2751,20.496,2.544,4.0
2752,21.252,2.858,357.7
2753,22.416,3.349,357.7
2754,21.970,3.267,357.8
2755,21.937,2.673,20.1
2756,22.628,2.727,18.0
2757,23.713,3.452,342.8
2758,23.066,3.307,24.3
2759,23.137,2.721,6.0
2760,23.836,2.903,333.8
2761,25.126,3.787,358.9
2762,24.502,3.356,49.2
2763,24.444,2.678,14.9
2764,24.939,2.852,359.6
2765,26.123,3.267,7.4
2766,25.514,3.114,348.9
2767,25.915,2.708,7.6
2768,26.444,2.937,5.3
2769,27.459,3.640,346.6
2770,26.951,3.467,343.2
2771,27.152,2.702,6.8
2772,27.762,2.818,333.1
2773,28.956,3.544,5.6
2774,28.453,3.260,358.0
2775,28.420,2.614,7.8
2776,28.680,2.839,3.6
2777,30.160,3.461,9.9
2778,29.809,3.395,26.6
2779,29.859,2.659,15.0
2780,30.349,2.856,351.2
2781,31.446,3.586,337.7
2782,30.871,3.103,14.3
2783,31.179,2.718,16.3
2784,31.588,2.798,347.7
2785,32.845,3.611,13.4
2786,32.315,3.721,348.5
2787,32.328,2.923,334.9
2788,32.815,2.956,346.0
2789,34.053,3.506,13.0
2790,33.501,3.259,358.9
2791,33.739,2.671,27.0
2792,34.171,2.906,343.7
2793,35.563,3.303,356.4
2794,34.847,3.188,49.8
2795,34.967,2.854,319.8
2796,35.650,2.833,15.7
2797,36.870,3.611,33.2
2798,36.080,3.426,338.9
2799,36.288,2.666,3.4
2800,36.986,2.865,344.5
2801,37.793,3.462,357.4
2802,37.434,3.321,340.4
2803,37.611,2.660,13.5
2804,38.301,2.750,340.2
2805,39.313,3.276,354.8
2806,39.015,3.456,333.7
2807,39.054,2.983,2.6
2808,39.454,2.729,351.5
2809,330.397,4.320,14.1
2810,330.691,4.576,356.8
2811,330.329,3.698,31.0
2812,330.860,3.959,350.0
2813,332.169,4.705,19.0
2814,331.710,4.365,3.6
2815,331.952,3.765,4.8
2816,332.425,4.085,335.4
2817,333.767,4.483,9.3
2818,333.083,4.361,326.2
2819,333.263,3.738,9.8
2820,333.785,4.010,5.9
2821,334.862,4.501,8.5
2822,334.424,4.522,335.3
2823,334.453,3.813,3.2
2824,335.148,3.985,6.1
2825,336.161,4.540,21.7
2826,335.614,4.293,9.1
2827,335.921,3.790,13.5
2828,336.440,3.718,342.4
2829,337.315,4.742,343.0
2830,337.042,4.382,1.8
2831,337.404,3.755,357.5
2832,337.727,3.955,349.3
2833,338.795,4.519,350.9
2834,338.353,4.288,359.2
2835,338.472,3.721,13.6
2836,338.971,3.967,352.2
2837,340.131,4.595,28.7
2838,339.729,4.403,338.4
2839,339.827,3.744,17.0
2840,340.295,3.933,348.9
2841,341.665,4.476,36.5
2842,340.966,4.488,1.2
2843,341.183,4.018,350.9
2844,341.562,3.906,16.9
2845,342.897,4.649,355.9
2846,342.330,4.445,346.9
2847,342.633,3.768,353.7
2848,342.972,3.977,346.9
2849,344.043,4.857,6.0
2850,343.435,4.322,25.0
2851,343.833,4.149,9.6
2852,344.282,3.897,341.1
2853,345.277,4.998,351.8
2854,344.704,4.477,7.7
2855,344.939,3.915,351.5
2856,345.472,3.999,13.3
2857,346.567,4.676,355.9
2858,345.984,4.459,6.8
2859,346.288,3.971,8.7
2860,346.708,3.994,356.5
2861,348.008,4.720,28.4
2862,347.321,4.285,1.9
2863,347.764,3.826,357.8
2864,347.968,4.077,2.7
2865,349.454,4.447,332.8
2866,348.887,4.588,354.1
2867,348.545,4.245,336.0
2868,349.178,3.950,2.2
2869,350.375,4.649,327.7
2870,349.994,4.594,345.2
2871,350.249,3.855,10.1
2872,350.712,4.015,1.5
2873,351.913,4.112,359.8
2874,351.412,4.502,340.5
2875,351.417,3.777,12.6
2876,351.833,3.786,356.7
2877,353.140,4.750,5.0
2878,352.396,4.393,352.3
2879,352.920,3.934,359.4
2880,353.438,4.114,359.9
2881,354.687,4.519,7.0
2882,353.868,4.305,356.3
2883,354.119,3.817,6.1
2884,354.555,4.096,17.4
2885,355.993,4.195,353.9
2886,355.382,4.650,348.3
2887,355.184,3.868,9.7
2888,355.751,3.955,349.4
2889,356.963,4.878,5.7
2890,356.510,4.405,331.5
2891,356.577,3.773,7.6
2892,357.123,3.865,349.7
2893,358.078,4.658,1.3
2894,357.647,4.394,0.3
2895,357.797,3.793,18.8
2896,358.285,4.018,357.8
2897,359.570,4.657,355.0
2898,359.064,4.410,9.0
2899,359.354,3.802,3.6
2900,359.832,4.067,3.1
2901,1.235,4.651,343.9
2902,0.489,4.570,337.4
2903,0.693,3.615,358.0
2904,0.883,3.851,357.3
2905,2.523,4.385,16.7
2906,1.906,4.503,42.5
2907,1.792,3.894,355.4
2908,2.365,4.016,8.7
2909,3.431,4.944,11.2
2910,2.975,4.559,337.9
2911,3.288,3.899,8.4
2912,3.843,3.907,14.9
2913,4.782,4.962,359.5
2914,4.233,4.312,19.3
2915,4.501,3.880,8.9
2916,5.019,4.140,359.1
2917,6.091,4.744,9.7
2918,5.374,4.322,353.8
2919,5.799,4.014,19.2
2920,6.341,3.968,352.7
2921,7.843,4.997,25.1
2922,6.782,4.532,3.5
2923,7.089,3.793,13.3
2924,7.556,4.132,11.6
2925,8.820,4.761,18.0
2926,8.116,4.423,4.5
2927,8.357,3.932,6.4
2928,8.805,4.244,22.5
2929,9.887,4.637,359.0
2930,9.305,4.929,348.9
2931,9.473,4.215,37.5
2932,10.193,3.972,0.8
2933,11.457,4.714,13.2
2934,10.813,4.512,357.6
2935,10.537,4.077,18.8
2936,11.272,3.946,12.1
2937,12.764,4.716,3.4
2938,12.195,4.427,9.4
2939,12.005,3.767,11.0
2940,12.771,4.004,53.1
2941,13.741,4.967,358.2
2942,13.354,4.200,20.5
2943,13.509,3.809,7.1
2944,14.077,3.979,13.6
2945,15.104,4.543,356.4
2946,14.797,4.614,356.4
2947,14.753,3.974,32.6
2948,15.294,3.944,354.3
2949,16.442,4.698,352.8
2950,15.885,4.199,13.2
2951,16.260,3.801,10.4
2952,16.657,4.019,350.5
2953,18.079,4.601,5.0
2954,17.321,4.370,353.8
2955,17.617,3.828,6.4
2956,17.799,4.029,356.2
2957,19.129,4.643,14.6
2958,18.812,4.527,38.3
2959,18.592,3.994,33.1
2960,19.444,4.068,9.5
2961,20.440,4.665,11.6
2962,19.902,4.360,13.3
2963,20.188,3.892,12.0
2964,20.734,4.107,5.3
2965,21.997,4.476,11.7
2966,21.409,4.588,5.3
2967,21.347,3.894,15.2
2968,21.804,3.874,343.2
2969,23.240,4.673,335.9
2970,22.586,4.682,330.7
2971,22.614,3.907,0.8
2972,23.299,4.191,349.6
2973,24.409,4.806,20.4
2974,23.838,4.607,62.0
2975,23.910,4.029,1.8
2976,24.423,4.279,1.1
2977,25.914,4.752,21.6
2978,24.879,4.460,352.6
2979,25.393,4.078,3.1
2980,25.823,4.235,2.5
2981,26.484,4.775,48.1
2982,26.322,4.472,5.5
2983,26.686,4.013,8.2
2984,27.272,4.258,0.0
2985,28.282,4.968,345.2
2986,27.829,4.597,31.2
2987,27.748,3.927,354.3
2988,28.292,4.091,354.3
2989,29.516,4.801,336.0
2990,28.761,4.361,353.5
2991,29.113,3.820,6.4
2992,29.638,4.011,346.7
2993,31.032,4.649,3.6
2994,30.330,4.824,316.3
2995,30.327,4.053,354.9
2996,30.970,4.223,348.0
2997,32.111,4.929,43.8
2998,31.443,4.310,16.3
2999,31.706,4.177,22.4
3000,32.190,4.102,344.1
3001,33.494,4.742,21.1
3002,33.001,4.897,39.8
3003,32.937,4.282,12.1
3004,33.413,4.104,344.8
3005,34.797,4.658,34.4
3006,34.111,4.583,356.4
3007,34.406,4.278,349.3
3008,34.662,3.991,348.3
3009,36.088,4.586,330.8
3010,35.340,4.485,9.5
3011,35.822,4.184,353.3
3012,36.080,3.935,359.5
3013,37.686,4.780,22.5
3014,36.580,4.617,325.2
3015,37.212,4.150,358.3
3016,37.449,3.934,345.3
3017,38.811,4.651,21.2
3018,38.165,4.387,354.5
3019,38.446,4.087,1.2
3020,38.754,3.910,0.4
3021,331.605,5.659,22.4
3022,331.030,5.736,319.0
3023,331.054,4.958,2.9
3024,331.362,5.061,2.9
3025,333.207,5.594,28.1
3026,332.446,5.512,31.1
3027,332.330,4.929,10.2
3028,332.925,5.086,348.2
3029,334.403,5.820,16.2
3030,333.709,5.566,342.1
3031,333.966,5.138,7.0
3032,334.330,5.124,349.8
3033,335.558,5.846,5.2
3034,335.030,5.555,354.5
3035,335.321,4.825,24.9
3036,335.906,5.048,333.1
3037,336.668,6.138,342.5
3038,336.219,5.536,20.1
3039,336.609,5.046,21.8
3040,337.110,5.276,32.7
3041,338.075,5.627,333.7
3042,337.493,5.544,8.8
3043,337.712,4.969,354.1
3044,338.116,5.151,358.8
3045,339.345,5.818,29.2
3046,338.780,5.560,338.3
3047,339.226,4.962,10.0
3048,339.645,5.033,344.0
3049,340.908,5.940,12.4
3050,340.316,5.506,343.2
3051,340.376,5.168,343.3
3052,340.979,5.294,28.4
3053,342.390,5.953,316.4
3054,341.437,5.641,5.0
3055,341.676,5.088,350.9
3056,342.157,5.183,13.4
3057,343.464,5.872,338.8
3058,342.954,5.892,14.0
3059,342.603,5.525,11.8
3060,343.581,5.201,347.8
3061,344.928,5.818,28.4
3062,344.013,5.740,324.4
3063,344.338,5.348,348.0
3064,344.893,5.265,7.1
3065,346.238,5.973,300.4
3066,345.496,5.530,5.3
3067,345.940,5.372,337.7
3068,346.304,5.191,12.1
3069,347.337,5.987,348.2
3070,346.767,5.627,26.6
3071,347.192,5.279,54.0
3072,347.678,5.422,354.3
3073,348.750,6.017,6.0
3074,347.827,5.687,5.5
3075,348.315,5.236,6.2
3076,348.880,5.758,25.7
3077,349.997,5.979,1.5
3078,349.367,5.814,40.7
3079,349.479,5.204,10.0
3080,350.137,5.400,328.1
3081,351.479,5.722,356.5
3082,350.677,5.765,55.2
3083,350.809,5.108,8.2
3084,351.151,5.297,352.0
3085,352.285,5.819,316.9
3086,351.785,5.532,356.6
3087,352.085,5.087,4.0
3088,352.689,5.318,358.1
3089,353.948,5.795,21.6
3090,353.239,5.675,36.5
3091,353.435,5.210,16.1
3092,353.756,5.393,359.0
3093,355.112,5.745,21.6
3094,354.455,5.743,22.1
3095,354.815,5.231,12.3
3096,355.121,5.262,359.9
3097,356.415,5.975,30.1
3098,355.740,5.659,358.4
3099,356.232,5.101,357.6
3100,356.431,5.404,357.8
3101,357.933,5.880,22.1
3102,356.966,5.706,324.7
3103,357.442,5.228,0.7
3104,357.819,5.228,16.2
3105,359.040,5.928,37.5
3106,358.403,5.491,353.8
3107,358.640,4.951,17.9
3108,359.115,5.345,38.5
3109,359.826,5.514,19.4
3110,359.517,5.876,27.7
3111,0.128,5.185,353.7
3112,0.606,5.170,17.8
3113,1.631,5.660,358.8
3114,1.004,5.445,10.3
3115,1.262,4.993,4.4
3116,1.729,5.289,12.9
3117,2.924,5.883,13.6
3118,2.209,6.030,10.1
3119,2.763,5.220,10.3
3120,3.038,5.253,328.0
3121,4.415,5.936,17.8
3122,3.533,5.584,349.8
3123,3.870,5.350,348.9
3124,4.391,5.341,12.3
3125,5.762,6.074,353.4
3126,5.029,5.547,359.0
3127,5.358,5.213,355.6
3128,5.862,5.613,341.0
3129,7.063,5.724,359.2
3130,6.417,5.414,4.9
3131,6.737,5.087,347.9
3132,7.284,5.206,359.7
3133,10.736,5.773,20.0
3134,10.230,5.905,301.6
3135,10.211,5.166,354.2
3136,10.546,5.244,352.8
3137,12.171,5.830,19.5
3138,11.205,5.442,350.3
3139,11.605,5.068,10.3
3140,12.056,5.304,315.6
3141,13.388,6.222,357.1
3142,12.708,5.599,50.8
3143,12.709,5.135,16.3
3144,13.414,5.352,323.5
3145,14.926,5.788,359.6
3146,13.991,5.582,359.8
3147,14.248,5.191,350.7
3148,14.560,5.221,350.3
3149,15.975,5.754,26.2
3150,15.407,5.791,53.0
3151,15.593,5.188,352.6
3152,16.115,5.344,357.1
3153,17.335,5.796,357.6
3154,16.429,5.604,344.4
3155,16.852,5.150,14.9
3156,17.568,5.609,356.9
3157,18.262,5.999,354.0
3158,18.004,5.733,339.8
3159,17.852,5.190,17.6
3160,18.592,5.197,340.4
3161,19.723,5.946,46.5
3162,19.248,5.688,353.6
3163,19.497,5.240,2.5
3164,19.988,5.528,16.2
3165,21.205,5.851,309.5
3166,20.607,5.755,342.5
3167,20.732,5.201,15.6
3168,21.054,5.225,353.0
3169,22.391,5.492,3.6
3170,21.823,5.796,328.7
3171,22.143,5.191,356.2
3172,22.556,5.230,9.2
3173,30.196,5.401,351.2
3174,29.785,5.971,16.1
3175,29.716,5.280,22.9
3176,29.972,5.237,347.3
3177,330.423,6.844,348.9
3178,330.506,6.548,358.2
3179,330.758,6.385,357.9
3180,330.997,6.218,357.5
3181,332.387,6.724,325.6
3182,331.807,6.755,28.1
3183,331.916,6.332,325.6
3184,332.510,6.314,25.2
3185,333.754,6.981,15.4
3186,332.961,6.963,48.7
3187,333.245,6.329,26.9
3188,333.638,6.330,5.5
3189,335.014,7.130,27.6
3190,334.290,6.821,359.6
3191,334.806,6.227,351.9
3192,334.945,6.480,354.2
3193,336.632,6.776,351.2
3194,335.571,6.905,64.8
3195,336.027,6.186,353.3
3196,336.273,6.544,3.0
3197,338.022,6.814,357.5
3198,337.381,7.060,354.6
3199,337.114,6.526,12.4
3200,337.695,6.374,352.8
3201,339.063,7.134,343.9
3202,338.474,6.786,334.7
3203,338.651,6.147,358.1
3204,339.191,6.483,37.4
3205,340.318,7.038,358.3
3206,339.647,6.636,21.7
3207,340.014,6.327,0.1
3208,340.453,6.520,341.0
